순번,자치구,주소,시리얼번호,경도,위도,지면높이
1,구로구,서울특별시 구로구 궁동 212-15,V02Q1940046,126.831472122,37.494402621,3.1
2,구로구,서울특별시 구로구 신도림동 292-212,V02Q1940111,126.878380050,37.509299493,4.1
3,구로구,서울특별시 구로구 오류동 38-29,V02Q1940165,126.843727057,37.496891978,4.2
4,구로구,서울특별시 구로구 오류동 182-22,V02Q1940056,126.838527418,37.487430327,3.8
5,구로구,서울특별시 구로구 가리봉동 110-16,V02Q1940047,126.889338873,37.482144782,3.8
6,구로구,서울특별시 구로구 개봉동 139-54,V02Q1940050,126.850773326,37.499541706,3.3
7,구로구,서울특별시 구로구 개봉동 328-23,V02Q1940054,126.855377723,37.490491176,3.8
8,구로구,서울특별시 구로구 개봉동 375-4,V02Q1940051,126.853709582,37.484557315,3.4
9,구로구,서울특별시 구로구 고척동 73-3,V02Q1940086,126.863310732,37.497754034,3.7
10,구로구,서울특별시 구로구 고척동 283-2,V02Q1940065,126.858610249,37.505683034,3.7
11,구로구,서울특별시 구로구 구로동 1259,V02Q1940045,126.876439453,37.489587945,3.5
12,구로구,서울특별시 구로구 구로동 704-13,V02Q1940043,126.883553746,37.490028638,3.8
13,구로구,서울특별시 구로구 구로동 777-34,V02Q1940052,126.889626281,37.487180792,3.7
14,구로구,서울특별시 구로구 구로동 317-20,V02Q1940044,126.889155382,37.491831149,3.8
15,구로구,서울특별시 구로구 구로동 50-9,V02Q1940055,126.892396674,37.501113794,3.1
16,구로구,서울특별시 구로구 개봉동 480,V02Q1940083,126.860779702,37.491370956,3.7
17,구로구,서울특별시 구로구 구로동 426-83,V02Q1940073,126.884076842,37.493826068,3.7
18,구로구,서울특별시 구로구 항동 1-10,V02Q1940070,126.823712057,37.486832676,3.9
19,구로구,서울특별시 구로구 구로동 733-28,V02Q1940136,126.884839411,37.489467486,4.2
20,구로구,서울특별시 구로구 구로동 735-16,V02Q1940862,126.885115720,37.488878537,3.5
21,구로구,서울특별시 구로구 구로동 762,V02Q1940858,126.885138117,37.488216158,4
22,구로구,서울특별시 구로구 고척동 291-1,V02Q1940140,126.851040478,37.502484707,4.4
23,구로구,서울특별시 구로구 고척동 291-1,V02Q1940515,126.850769667,37.501748618,4.2
24,구로구,서울특별시 구로구 개봉동 416-2,V02Q1940057,126.845127433,37.505264288,3.5
25,구로구,서울특별시 구로구 구로동 614-3,V02Q1940061,126.874621662,37.505279963,3.8
26,구로구,서울특별시 구로구 온수동 53-11,V02Q1940090,126.823131106,37.491671862,4.5
27,구로구,서울특별시 구로구 구로동 105-1,V02Q1940751,126.889502495,37.498488698,1
28,동대문구,서울특별시 동대문구 전농동 산 32-20,V02Q1940084,127.062435444,37.578375170,3.8
29,동대문구,서울특별시 동대문구 제기동 190-14,V02Q1940118,127.031492377,37.582389091,4.2
30,동대문구,서울특별시 동대문구 청량리동 49-1,V02Q1940122,127.047911727,37.585715992,4.1
31,동대문구,서울특별시 동대문구 회기동 3-2,V02Q1940089,127.054625269,37.591920242,4.4
32,동대문구,서울특별시 동대문구 휘경동 183-452,V02Q1940099,127.056930217,37.590513804,3.6
33,동대문구,서울특별시 동대문구 휘경동 368-2,V02Q1940109,127.067112341,37.590780051,3.6
34,동대문구,서울특별시 동대문구 용두동 792-6,V02Q1940049,127.036277298,37.576689908,3.5
35,동대문구,서울특별시 동대문구 이문동 354-18,V02Q1940115,127.065557335,37.598042814,3.3
36,동대문구,서울특별시 동대문구 이문동 357,V02Q1940108,127.065531590,37.603444027,3.6
37,동대문구,서울특별시 동대문구 장안동 478-11,V02Q1940085,127.065888469,37.568335627,3.4
38,동대문구,서울특별시 동대문구 전농동 679,V02Q1940106,127.047193641,37.577580837,4.1
39,동대문구,서울특별시 동대문구 답십리동 1004-10,V02Q1940081,127.051002473,37.571324256,3.9
40,동대문구,서울특별시 동대문구 답십리동 807,V02Q1940092,127.064521783,37.571140550,3.8
41,동대문구,서울특별시 동대문구 장안동 338-1,V02Q1940119,127.072957047,37.570142567,3.6
42,동대문구,서울특별시 동대문구 장안동 284-5,V02Q1940120,127.072446389,37.579466431,4.2
43,동대문구,서울특별시 동대문구 휘경동 43-179,V02Q1940097,127.065532717,37.585227838,3.3
44,동대문구,서울특별시 동대문구 전농동 688-8,V02Q1940058,127.062025196,37.579775245,3.3
45,동대문구,서울특별시 동대문구 용두동 129-3,V02Q1940101,127.032539856,37.573357240,3.5
46,동대문구,서울특별시 동대문구 답십리동 530-10,V02Q1940088,127.052534714,37.567820321,3.6
47,동대문구,서울특별시 동대문구 장안동 413-3,V02Q1940096,127.059587160,37.562987565,3.3
48,동대문구,서울특별시 동대문구 신설동 92-34,V02Q1940116,127.023874031,37.575544428,3.8
49,동대문구,서울특별시 동대문구 용두동 237-1,V02Q1940785,127.028836170,37.576145706,0.8
50,강서구,서울특별시 강서구 가양동 146-32,V02Q1940114,126.842732481,37.569296789,4.1
51,강서구,서울특별시 강서구 가양동 36-3,V02Q1940066,126.847516511,37.567219313,3.3
52,강서구,서울특별시 강서구 가양동 1484,V02Q1940130,126.859664345,37.561248775,3.5
53,강서구,서울특별시 강서구 공항동 60-10,V02Q1940163,126.809855638,37.559388276,3.8
54,강서구,서울특별시 강서구 등촌동 653-8,V02Q1940104,126.858558005,37.555155624,3.7
55,강서구,서울특별시 강서구 등촌동 산 89-3,V02Q1940180,126.862833631,37.538037714,3.3
56,강서구,서울특별시 강서구 등촌동 659,V02Q1940166,126.849018010,37.557852230,4
57,강서구,서울특별시 강서구 내발산동 686-4,V02Q1940124,126.832575772,37.553382259,3.6
58,강서구,서울특별시 강서구 방화동 281-20,V02Q1940105,126.815190398,37.572875749,3.5
59,강서구,서울특별시 강서구 방화동 620-32,V02Q1940125,126.808624478,37.562679221,2.9
60,강서구,서울특별시 강서구 방화동 318-2,V02Q1940126,126.815908769,37.578362144,3.3
61,강서구,서울특별시 강서구 염창동 276-9,V02Q1940069,126.870225166,37.549804868,3.6
62,강서구,서울특별시 강서구 화곡동 산 60-1,V02Q1940062,126.843475769,37.548823986,3.5
63,강서구,서울특별시 강서구 화곡동 46-156,V02Q1940179,126.847619884,37.543867028,3.8
64,강서구,서울특별시 강서구 화곡동 355-48,V02Q1940162,126.840569244,37.530599306,3.4
65,강서구,서울특별시 강서구 화곡동 943-23,V02Q1940182,126.855337105,37.532378944,3.5
66,강서구,서울특별시 강서구 화곡동 1089-17,V02Q1940167,126.835843451,37.544819726,4.2
67,강서구,서울특별시 강서구 화곡동 943-7,V02Q1940173,126.861066828,37.534009732,3.6
68,강서구,서울특별시 강서구 화곡동 1117,V02Q1940187,126.851359963,37.552957569,3.5
69,강서구,서울특별시 강서구 화곡동 391-52,V02Q1940193,126.849942850,37.531106400,3.4
70,강서구,서울특별시 강서구 염창동 208-2,V02Q1940113,126.874175440,37.554503973,3.5
71,강서구,서울특별시 강서구 화곡동 1064,V02Q1940078,126.840322682,37.542546213,4.1
72,강서구,서울특별시 강서구 화곡동 산 41-7,V02Q1940189,126.851591698,37.541750463,3.7
73,강서구,서울특별시 강서구 화곡동 361-1,V02Q1940346,126.837996520,37.534383493,3.5
74,강서구,서울특별시 강서구 화곡동 668-10,V02Q1940853,126.839853581,37.535219493,3.4
75,강서구,서울특별시 강서구 방화동 134-20,V02Q1940093,126.818892025,37.577840846,3.3
76,강서구,서울특별시 강서구 방화동 산 103-2,V02Q1940103,126.818492233,37.579042710,3.4
77,강서구,서울특별시 강서구 화곡동 947-4,V02Q1940181,126.843082012,37.527577084,3.5
78,강서구,서울특별시 강서구 화곡동 999-6,V02Q1940072,126.845860744,37.551836444,3.8
79,강서구,서울특별시 강서구 방화동 17-4,V02Q1940824,126.821586805,37.584812556,4.2
80,강서구,서울특별시 강서구 화곡동 1019,V02Q1940782,126.835104168,37.544678280,1
81,영등포구,서울특별시 영등포구 당산동3가 566,V02Q1940171,126.898604915,37.524130023,3.7
82,영등포구,서울특별시 영등포구 당산동6가 337-1,V02Q1940127,126.901221667,37.536201119,3.5
83,영등포구,서울특별시 영등포구 대림동 904-2,V02Q1940169,126.906686025,37.496512896,3.8
84,영등포구,서울특별시 영등포구 대림동 1059-49,V02Q1940077,126.896560561,37.490952078,3.4
85,영등포구,서울특별시 영등포구 대림동 738-14,V02Q1940121,126.897717122,37.496949735,3.7
86,영등포구,서울특별시 영등포구 도림동 222-9,V02Q1940185,126.896172376,37.509659941,3.5
87,영등포구,서울특별시 영등포구 문래동3가 55-20,V02Q1940168,126.896987864,37.514939027,2.9
88,영등포구,서울특별시 영등포구 신길동 89-152,V02Q1940196,126.920534145,37.509892383,3.3
89,영등포구,서울특별시 영등포구 신길동 268-35,V02Q1940197,126.907091695,37.507058735,3.5
90,영등포구,서울특별시 영등포구 신길동 223-66,V02Q1940186,126.910958223,37.509146710,3.3
91,영등포구,서울특별시 영등포구 신길동 341-1,V02Q1940188,126.905167906,37.502138725,3.8
92,영등포구,서울특별시 영등포구 신길동 2798,V02Q1940198,126.910807498,37.500012753,3.4
93,영등포구,서울특별시 영등포구 신길동 1200,V02Q1940176,126.921438321,37.506180006,3.8
94,영등포구,서울특별시 영등포구 양평동1가 251-1,V02Q1940174,126.887081481,37.524165262,2.9
95,영등포구,서울특별시 영등포구 양평동4가 93-1,V02Q1940133,126.894849555,37.536855914,3.7
96,영등포구,서울특별시 영등포구 여의도동 54,V02Q1940110,126.932965336,37.518290648,3.4
97,영등포구,서울특별시 영등포구 영등포동2가 222-1,V02Q1940199,126.910441409,37.520309388,3.2
98,영등포구,서울특별시 영등포구 영등포동 646-18,V02Q1940184,126.909456953,37.514197813,3.1
99,영등포구,서울특별시 영등포구 당산동1가 16-1,V02Q1940074,126.896995184,37.520313815,3.7
100,영등포구,서울특별시 영등포구 영등포동3가 4-7,V02Q1940221,126.907705399,37.518912125,3.1
101,영등포구,서울특별시 영등포구 문래동3가 77-2,V02Q1940223,126.893018016,37.518046066,3.4
102,영등포구,서울특별시 영등포구 양평동3가 91,V02Q1940244,126.893332168,37.532727462,3.1
103,영등포구,서울특별시 영등포구 신길동 1368-3,V02Q1940217,126.925917082,37.513527130,3.8
104,영등포구,서울특별시 영등포구 양평동6가 98-1,V02Q1940256,126.887737658,37.543688115,2.9
105,영등포구,서울특별시 영등포구 문래동1가 39-1,V02Q1940219,126.895729526,37.511651571,2.7
106,영등포구,서울특별시 영등포구 양평동2가 12-1,V02Q1940251,126.882915270,37.522666092,3
107,영등포구,서울특별시 영등포구 당산동1가 32,V02Q1940170,126.896683314,37.521738405,3.7
108,영등포구,서울특별시 영등포구 영등포동3가 1-7,V02Q1940222,126.910564828,37.518286470,4
109,영등포구,서울특별시 영등포구 여의도동 85,V02Q1940878,126.937013440,37.524414166,5.5
110,영등포구,서울특별시 영등포구 여의도동 19-1,V02Q1940836,126.913353225,37.526004651,5.4
111,영등포구,서울특별시 영등포구 당산동 95-1,V02Q1940829,126.904317333,37.537271352, 4.5 
112,영등포구,서울특별시 영등포구 당산동3가 250,V02Q1940850,126.897443763,37.524978134,0.5
113,강남구,서울특별시 강남구 일원동 688,V02Q1940059,127.075346275,37.489529884,3.6
114,강남구,서울특별시 강남구 개포동 1221-3,V02Q1940293,127.048489256,37.476400690,4.1
115,강남구,서울특별시 강남구 일원동 735-1,V02Q1940060,127.086233850,37.483397241,3
116,강남구,서울특별시 강남구 일원동 707,V02Q1940079,127.082209375,37.494102447,3.4
117,강남구,서울특별시 강남구 대치동 16-1,V02Q1940129,127.074398747,37.497655712,4
118,강남구,서울특별시 강남구 대치동 1028-1,V02Q1940123,127.061842654,37.494899122,3.6
119,강남구,서울특별시 강남구 대치동 27-14,V02Q1940246,127.072725308,37.499370861,3.5
120,강남구,서울특별시 강남구 세곡동 110-5,V02Q1940094,127.108892930,37.466829430,3.7
121,강남구,서울특별시 강남구 신사동 667-6,V02Q1940178,127.019456063,37.521053134,3.9
122,강남구,서울특별시 강남구 신사동 658-2,V02Q1940161,127.037461441,37.526342753,3.9
123,강남구,서울특별시 강남구 역삼동 695-14,V02Q1940152,127.045727927,37.506539586,3.5
124,강남구,서울특별시 강남구 청담동 139-15,V02Q1940175,127.046799226,37.527788143,3.8
125,강남구,서울특별시 강남구 도곡동 421-5,V02Q1940149,127.044068025,37.485060546,3.8
126,강남구,서울특별시 강남구 논현동 22,V02Q1940145,127.021681163,37.514024187,3.8
127,강남구,서울특별시 강남구 수서동 745-4,V02Q1940313,127.087427345,37.485535862,3.6
128,강남구,서울특별시 강남구 역삼동 782-9,V02Q1940309,127.042374226,37.493738770,3.8
129,강남구,서울특별시 강남구 개포동 660-1,V02Q1940315,127.057596450,37.483916152,4
130,강남구,서울특별시 강남구 논현동 107-44,V02Q1940273,127.037133630,37.517512115,3.9
131,강남구,서울특별시 강남구 도곡동 893-9,V02Q1940236,127.039413626,37.488153702,3.4
132,강남구,서울특별시 강남구 삼성동 111-32,V02Q1940063,127.061880097,37.516061590,3.6
133,강남구,서울특별시 강남구 삼성동 111-138,V02Q1940080,127.045818282,37.513101818,3.8
134,강남구,서울특별시 강남구 대치동 905,V02Q1940177,127.053964693,37.502278254,3.6
135,강남구,서울특별시 강남구 대치동 1027,V02Q1940239,127.056961271,37.493447190,3.6
136,강남구,서울특별시 강남구 수서동 727,V02Q1940098,127.101857878,37.486764891,4
137,강남구,서울특별시 강남구 청담동 77-43,V02Q1940192,127.053451588,37.522242728,3.8
138,강남구,서울특별시 강남구 역삼동 805-36,V02Q1940724,127.051315822,37.497322012,3.7
139,강남구,서울특별시 강남구 논현동 280,V02Q1940954,127.0227914,37.508670997,3.7
140,강남구,서울특별시 강남구 개포동 186-19,V02Q1940953,127.067883398,37.489030413,4.4
141,강남구,서울특별시 강남구 개포동 186-19,V02Q1940164,127.067987758,37.488586874,3.8
142,강남구,서울특별시 강남구 일원동 3-16,V02Q1940100,127.093144214,37.494978959,3.5
143,강남구,서울특별시 강남구 일원동 700-8,V02Q1940082,127.085748474,37.495507594,3.6
144,강남구,서울특별시 강남구 역삼동 738,V02Q1940224,127.036337753,37.498641001,3.7
145,강남구,서울특별시 강남구 일원동 739-2,V02Q1940102,127.080968797,37.480834588,3.8
146,강남구,서울특별시 강남구 삼성동 16-1,V02Q1940789,127.047995114,37.517551605,0.5
147,중랑구,서울특별시 중랑구 망우동 534-32,V02Q1940277,127.094226799,37.591143947,3.8
148,중랑구,서울특별시 중랑구 망우동 357-29,V02Q1940248,127.100797906,37.601151064,3.9
149,중랑구,서울특별시 중랑구 면목동 142-35,V02Q1940250,127.080892386,37.589051004,3.8
150,중랑구,서울특별시 중랑구 면목동 700,V02Q1940252,127.086147753,37.575819219,3.6
151,중랑구,서울특별시 중랑구 면목동 175-64,V02Q1940191,127.079020497,37.585408006,3.8
152,중랑구,서울특별시 중랑구 면목동 627-1,V02Q1940195,127.086324420,37.578673120,3.8
153,중랑구,서울특별시 중랑구 면목동 483-23,V02Q1940225,127.088383159,37.585977361,3.9
154,중랑구,서울특별시 중랑구 묵동 239-119,V02Q1940218,127.076300976,37.609849426,3.8
155,중랑구,서울특별시 중랑구 상봉동 206-27,V02Q1940241,127.087072882,37.599989151,3.8
156,중랑구,서울특별시 중랑구 상봉동 120-52,V02Q1940243,127.080975704,37.593353018,3.7
157,중랑구,서울특별시 중랑구 신내동 801,V02Q1940237,127.099718938,37.605087720,3.8
158,중랑구,서울특별시 중랑구 신내동 663-2,V02Q1940254,127.094129017,37.605953574,3.9
159,중랑구,서울특별시 중랑구 중화동 54-4,V02Q1940311,127.081937393,37.600675313,3.7
160,중랑구,서울특별시 중랑구 면목동 53-8,V02Q1940307,127.095453150,37.585376989,3.8
161,중랑구,서울특별시 중랑구 묵동 121-320,V02Q1940233,127.081496414,37.613554041,3.9
162,중랑구,서울특별시 중랑구 중화동 326-87,V02Q1940159,127.072823222,37.597690870,3.9
163,중랑구,서울특별시 중랑구 묵동 392-2,V02Q1940235,127.073414828,37.612546563,3.7
164,중랑구,서울특별시 중랑구 면목동 593-2,V02Q1940255,127.086701009,37.582766561,3.8
165,중랑구,서울특별시 중랑구 중화동 65-9,V02Q1940727,127.076287931,37.605046967,3.9
166,중랑구,서울특별시 중랑구 묵동 249-24,V02Q1940944,127.075432599,37.605041640,3.9
167,중랑구,서울특별시 중랑구 면목동 산 1-4,V02Q1940172,127.089326245,37.574032599,3.9
168,중랑구,서울특별시 중랑구 상봉동 130-4,V02Q1940231,127.074777884,37.592679588,3.6
169,중랑구,서울특별시 중랑구 면목동 62-2,V02Q1940882,127.094025798,37.584898881,1
170,노원구,서울특별시 노원구 공릉동 499-1,V02Q1940266,127.073488361,37.625100770,3.9
171,노원구,서울특별시 노원구 공릉동 87-4,V02Q1940299,127.083295965,37.621127537,3.6
172,노원구,서울특별시 노원구 상계동 689,V02Q1940281,127.059043515,37.661091646,3.3
173,노원구,서울특별시 노원구 상계동 1254-1,V02Q1940275,127.052678060,37.682424032,3.8
174,노원구,서울특별시 노원구 상계동 389-635,V02Q1940234,127.068454235,37.658164713,3.8
175,노원구,서울특별시 노원구 상계동 56-3,V02Q1940128,127.081840073,37.674109621,3.5
176,노원구,서울특별시 노원구 상계동 159-4,V02Q1940146,127.069311242,37.662543053,3.4
177,노원구,서울특별시 노원구 상계동 748,V02Q1940216,127.064043899,37.651978806,3.5
178,노원구,서울특별시 노원구 상계동 660,V02Q1940075,127.053456508,37.667384076,4.2
179,노원구,서울특별시 노원구 상계동 689-1,V02Q1940238,127.063365730,37.664753976,3.4
180,노원구,서울특별시 노원구 월계동 429-32,V02Q1940290,127.062463216,37.620542430,3.6
181,노원구,서울특별시 노원구 월계동 777-1,V02Q1940155,127.050947138,37.632400653,3.6
182,노원구,서울특별시 노원구 월계동 3-3,V02Q1940291,127.069508731,37.621314751,3.4
183,노원구,서울특별시 노원구 중계동 366,V02Q1940267,127.078239562,37.652649252,3.3
184,노원구,서울특별시 노원구 중계동 510-5,V02Q1940154,127.069869839,37.642158807,3.5
185,노원구,서울특별시 노원구 중계동 129-6,V02Q1940210,127.078859170,37.660883747,3.8
186,노원구,서울특별시 노원구 중계동 87-1,V02Q1940183,127.081122563,37.647742881,3.8
187,노원구,서울특별시 노원구 하계동 251-6,V02Q1940132,127.072986056,37.640104010,3.5
188,노원구,서울특별시 노원구 하계동 336-45,V02Q1940157,127.067454166,37.631641144,3.7
189,노원구,서울특별시 노원구 공릉동 420-13,V02Q1940215,127.079123124,37.626997700,3.9
190,노원구,서울특별시 노원구 월계동 47-33,V02Q1940226,127.064609104,37.615448772,3.8
191,노원구,서울특별시 노원구 상계동 산 62-7,V02Q1940298,127.061569891,37.674524430,3.2
192,노원구,서울특별시 노원구 상계동 1318-1,V02Q1940885,127.068541738,37.659896978,3.2
193,노원구,서울특별시 노원구 공릉동 552-4,V02Q1940950,127.074963276,37.622809925,3.6
194,노원구,서울특별시 노원구 공릉동 587-8,V02Q1940076,127.077480597,37.622023532,3.6
195,노원구,서울특별시 노원구 상계동 770-2,V02Q1940150,127.060686742,37.644166701,3.1
196,노원구,서울특별시 노원구 중계동 504-2,V02Q1940257,127.060567269,37.639563904,3.5
197,노원구,서울특별시 노원구 상계동 1054-4,V02Q1940245,127.050597207,37.673724200,3
198,노원구,서울특별시 노원구 상계동 산 44-114,V02Q1940153,127.063059454,37.679806447,3.6
199,노원구,서울특별시 노원구 상계동 1146-11,V02Q1940151,127.052082794,37.679160221,3.6
200,노원구,서울특별시 노원구 상계동 389-483,V02Q1940755,127.068500793,37.658856107,0.8
201,광진구,서울특별시 광진구 중곡동 665,V02Q1940202,127.079537928,37.560119378,"4,2"
202,광진구,서울특별시 광진구 중곡동 265-8,V02Q1940280,127.085032552,37.561975588,3.9
203,광진구,서울특별시 광진구 중곡동 695,V02Q1940200,127.080104482,37.568501968,4.3
204,광진구,서울특별시 광진구 중곡동 452-1,V02Q1940209,127.090120711,37.559024868,4.4
205,광진구,서울특별시 광진구 능동 156-2,V02Q1940305,127.080543809,37.553149621,4.3
206,광진구,서울특별시 광진구 구의동 237-10,V02Q1940327,127.085113570,37.542256532,4.4
207,광진구,서울특별시 광진구 구의동 113,V02Q1940294,127.089682707,37.548160591,3.9
208,광진구,서울특별시 광진구 구의동 217-16,V02Q1940392,127.092396830,37.538286643,3.8
209,광진구,서울특별시 광진구 광장동 248-23,V02Q1940371,127.103453692,37.546677593,3.5
210,광진구,서울특별시 광진구 자양동 630,V02Q1940403,127.081985567,37.534309074,4.1
211,광진구,서울특별시 광진구 자양동 668,V02Q1940391,127.085121222,37.528616803,3.9
212,광진구,서울특별시 광진구 자양동 520-2,V02Q1940393,127.073006117,37.533488262,3.8
213,광진구,서울특별시 광진구 자양동 831-1,V02Q1940383,127.065647463,37.533285662,3.9
214,광진구,서울특별시 광진구 화양동 111-140,V02Q1940204,127.072036473,37.546696348,4.2
215,광진구,서울특별시 광진구 군자동 55-1,V02Q1940134,127.075819699,37.555797885,3.6
216,광진구,서울특별시 광진구 구의동 607,V02Q1940411,127.091521000,37.533878243,4.1
217,광진구,서울특별시 광진구 화양동 4-20,V02Q1940387,127.070979283,37.540054044,3.9
218,광진구,서울특별시 광진구 구의동 617-45,V02Q1940416,127.086373575,37.547768223,3.5
219,광진구,서울특별시 광진구 중곡동 265-5,V02Q1940888,127.081994745,37.563073533,4.3
220,광진구,서울특별시 광진구 자양동 720,V02Q1940860,127.080963254,37.533442403,4.3
221,광진구,서울특별시 광진구 구의동 546-11,V02Q1940506,127.093220689,37.535089673,3.7
222,광진구,서울특별시 광진구 자양동 427-28,V02Q1940815,127.071004875,37.529991554,3.7
223,광진구,서울특별시 광진구 광장동 556,V02Q1940812,127.110488168,37.549837884,4.5
224,광진구,서울특별시 광진구 구의동 164,V02Q1940779,127.094304750,37.544958729,1
225,강동구,서울특별시 강동구 강일동 693,V02Q1940421,127.178426767,37.563060099,3.9
226,강동구,서울특별시 강동구 상일동 123,V02Q1940352,127.168193008,37.553626154,3.9
227,강동구,서울특별시 강동구 명일동 332,V02Q1940321,127.146339447,37.549468318,3.4
228,강동구,서울특별시 강동구 명일동 59,V02Q1940353,127.152593815,37.546512413,3.7
229,강동구,서울특별시 강동구 고덕동 691-4,V02Q1940360,127.151357028,37.556847303,4.3
230,강동구,서울특별시 강동구 고덕동 235,V02Q1940355,127.164289117,37.560742575,4.4
231,강동구,서울특별시 강동구 암사동 543,V02Q1940482,127.133098234,37.551489763,3.8
232,강동구,서울특별시 강동구 암사동 138,V02Q1940408,127.130057635,37.557388648,3.4
233,강동구,서울특별시 강동구 암사동 413-2,V02Q1940437,127.139827887,37.554597620,4.4
234,강동구,서울특별시 강동구 천호동 221-24,V02Q1940376,127.136675035,37.545304506,4.4
235,강동구,서울특별시 강동구 천호동 357-29,V02Q1940306,127.125705412,37.542448508,3.9
236,강동구,서울특별시 강동구 천호동 555-4,V02Q1940349,127.129657973,37.539768171,3.8
237,강동구,서울특별시 강동구 성내동 582,V02Q1940507,127.123271252,37.531277474,3.6
238,강동구,서울특별시 강동구 성내동 40-21,V02Q1940430,127.124685914,37.535815801,3.8
239,강동구,서울특별시 강동구 성내동 450-25,V02Q1940417,127.132493340,37.525959229,3.5
240,강동구,서울특별시 강동구 길동 102,V02Q1940478,127.145933459,37.539563459,3.9
241,강동구,서울특별시 강동구 둔촌동 229-2,V02Q1940505,127.143823891,37.517230482,4.3
242,강동구,서울특별시 강동구 둔촌동 61-17,V02Q1940410,127.141795437,37.533218949,3.9
243,강동구,서울특별시 강동구 명일동 260-1,V02Q1940359,127.147309969,37.546517030,3.8
244,강동구,서울특별시 강동구 성내동 150-9,V02Q1940354,127.129979727,37.534717201,4.2
245,강동구,서울특별시 강동구 고덕동 313-1,V02Q1940350,127.150186225,37.554811287,4
246,강동구,서울특별시 강동구 암사동 501-4,V02Q1940851,127.128292179,37.550390853,3.2
247,강동구,서울특별시 강동구 암사동 496-25,V02Q1940770,127.129477775,37.549876301,3.4
248,강동구,서울특별시 강동구 암사동 548,V02Q1940142,127.127872534,37.550545015,4.5
249,강동구,서울특별시 강동구 암사동 508,V02Q1940372,127.127812567,37.554066866,3.7
250,강동구,서울특별시 강동구 강일동 693,V02Q1940271,127.178040052,37.564778377,3.5
251,강동구,서울특별시 강동구 둔촌동 29-16,V02Q1940434,127.148090456,37.532199061,3.9
252,강동구,서울특별시 강동구 암사동 81-1,V02Q1940831,127.136812731,37.567000010,2.900000000
253,강동구,서울특별시 강동구 천호동 76-2,V02Q1940798,127.136812004,37.545037857,1
254,은평구,서울특별시 은평구 갈현동 389-9,V02Q1940339,126.916906052,37.623466453,3.4
255,은평구,서울특별시 은평구 갈현동 451-15,V02Q1940343,126.916591541,37.618708097,3.3
256,은평구,서울특별시 은평구 구산동 152-3,V02Q1940336,126.909853030,37.611799643,3
257,은평구,서울특별시 은평구 녹번동 76-40,V02Q1940317,126.930628959,37.602631443,2.9
258,은평구,서울특별시 은평구 대조동 207-9,V02Q1940326,126.919837040,37.614086720,3.2
259,은평구,서울특별시 은평구 불광동 281-113,V02Q1940208,126.931352835,37.610598263,3.4
260,은평구,서울특별시 은평구 불광동 73-11,V02Q1940333,126.927710516,37.626081398,3.6
261,은평구,서울특별시 은평구 신사동 4-16,V02Q1940332,126.912020853,37.597650438,3.2
262,은평구,서울특별시 은평구 역촌동 62-28,V02Q1940341,126.914765263,37.604135693,3.2
263,은평구,서울특별시 은평구 응암동 227-106,V02Q1940377,126.924548749,37.594836910,3.2
264,은평구,서울특별시 은평구 응암동 604-5,V02Q1940373,126.917291918,37.589938574,4.7
265,은평구,서울특별시 은평구 증산동 231,V02Q1940347,126.905224449,37.584427523,3.1
266,은평구,서울특별시 은평구 진관동 68-37,V02Q1940358,126.918861419,37.638983563,4.2
267,은평구,서울특별시 은평구 수색동 411-9,V02Q1940435,126.894256875,37.583513221,2.7
268,은평구,서울특별시 은평구 신사동 192-1,V02Q1940476,126.906563171,37.592348032,3.4
269,은평구,서울특별시 은평구 응암동 116-29,V02Q1940337,126.920308931,37.598908246,3.6
270,은평구,서울특별시 은평구 진관동 13-3,V02Q1940139,126.924565394,37.643766055,3.3
271,은평구,서울특별시 은평구 응암동 91-15,V02Q1940485,126.916387325,37.599233119,4.7
272,은평구,서울특별시 은평구 불광동 219-1,V02Q1940370,126.932131205,37.619613134,4
273,은평구,서울특별시 은평구 구산동 355-68,V02Q1940475,126.906555525,37.613989128,3.3
274,은평구,서울특별시 은평구 불광동 613-2,V02Q1940872,126.932995739,37.610592648,1
275,서초구,서울특별시 서초구 내곡동 122,V02Q1940067,127.061884287,37.454335096,2.9
276,서초구,서울특별시 서초구 반포동 2-12,V02Q1940268,126.992439588,37.506611067,4.2
277,서초구,서울특별시 서초구 반포동 21,V02Q1940274,127.013500614,37.505408492,3.2
278,서초구,서울특별시 서초구 잠원동 71-22,V02Q1940282,127.005876248,37.512490801,3
279,서초구,서울특별시 서초구 반포동 550-35,V02Q1940141,127.001384085,37.497606293,3.2
280,서초구,서울특별시 서초구 반포동 1117,V02Q1940148,126.987037023,37.499989798,3.6
281,서초구,서울특별시 서초구 양재동 23,V02Q1940368,127.034979369,37.483260708,3.6
282,서초구,서울특별시 서초구 양재동 310-6,V02Q1940380,127.040943637,37.471604627,3.5
283,서초구,서울특별시 서초구 잠원동 58-27,V02Q1940518,127.013856492,37.515083767,3.5
284,서초구,서울특별시 서초구 방배동 921-30,V02Q1940144,126.994604356,37.482556335,3.8
285,서초구,서울특별시 서초구 방배동 462-13,V02Q1940310,126.985401846,37.479848586,3.7
286,서초구,서울특별시 서초구 방배동 988-1,V02Q1940249,127.000329751,37.480958238,3.9
287,서초구,서울특별시 서초구 방배동 838-1,V02Q1940068,126.992330861,37.491337095,3.7
288,서초구,서울특별시 서초구 방배동 775-2,V02Q1940308,126.986853712,37.494125670,3.5
289,서초구,서울특별시 서초구 서초동 1628-66,V02Q1940400,127.017886775,37.489274127,3.2
290,서초구,서울특별시 서초구 서초동 1380,V02Q1940402,127.026804579,37.491308948,2.7
291,서초구,서울특별시 서초구 서초동 1740-10,V02Q1940399,127.012740308,37.491391488,3.5
292,서초구,서울특별시 서초구 서초동 1685-9,V02Q1940427,127.016801270,37.499743485,3.1
293,서초구,서울특별시 서초구 반포동 755,V02Q1940158,126.990497074,37.502806383,3.7
294,서초구,서울특별시 서초구 방배동 504-1,V02Q1940423,126.982639070,37.476600637,3.4
295,서초구,서울특별시 서초구 양재동 203,V02Q1940398,127.034789445,37.467371190,3.2
296,서초구,서울특별시 서초구 우면동 476-13,V02Q1940348,127.017222459,37.460225019,3.3
297,서초구,서울특별시 서초구 서초동 1506-39,V02Q1940396,127.006793393,37.488748362,3.4
298,서초구,서울특별시 서초구 서초동 1740-19,V02Q1940433,127.010166364,37.491459713,3.4
299,서초구,서울특별시 서초구 서초동 1451-34,V02Q1940201,127.013087171,37.483264904,3.8
300,서초구,서울특별시 서초구 반포동 649-1,V02Q1940816,126.998682806,37.512412076,5.7
301,서초구,서울특별시 서초구 반포동 4-15,V02Q1940955,126.994501180,37.504580588,0.4
302,동작구,서울특별시 동작구 노량진동 84-102,V02Q1940278,126.942546759,37.512400900,3.5
303,동작구,서울특별시 동작구 노량진동 302-45,V02Q1940318,126.937587750,37.508097745,3.8
304,동작구,서울특별시 동작구 대방동 501,V02Q1940295,126.925167532,37.508712749,3.9
305,동작구,서울특별시 동작구 사당동 1092,V02Q1940194,126.979531094,37.482801864,3.9
306,동작구,서울특별시 동작구 사당동 산 10-5,V02Q1940297,126.975760341,37.492956206,3.3
307,동작구,서울특별시 동작구 사당동 1134,V02Q1940289,126.968238366,37.487499561,4
308,동작구,서울특별시 동작구 사당동 278-31,V02Q1940382,126.969678958,37.482066260,3.8
309,동작구,서울특별시 동작구 사당동 산 32-92,V02Q1940397,126.964650522,37.487733409,3.8
310,동작구,서울특별시 동작구 상도1동 486,V02Q1940304,126.951825456,37.504072526,3.9
311,동작구,서울특별시 동작구 상도동 178-6,V02Q1940316,126.940783305,37.504793679,3.3
312,동작구,서울특별시 동작구 상도동 315-37,V02Q1940420,126.931259588,37.499213890,4
313,동작구,서울특별시 동작구 상도동 188-42,V02Q1940319,126.936960737,37.501192635,3.3
314,동작구,서울특별시 동작구 신대방동 701-7,V02Q1940432,126.910053380,37.486576543,4.5
315,동작구,서울특별시 동작구 신대방동 378-10,V02Q1940389,126.923829622,37.497742476,3.8
316,동작구,서울특별시 동작구 흑석동 264-27,V02Q1940356,126.967418377,37.504549468,3.3
317,동작구,서울특별시 동작구 흑석동 86-201,V02Q1940357,126.960958358,37.503765953,3.8
318,동작구,서울특별시 동작구 신대방동 395-73,V02Q1940375,126.924826159,37.491712757,3
319,동작구,서울특별시 동작구 사당동 산 24-17,V02Q1940384,126.975186993,37.485912852,3.5
320,동작구,서울특별시 동작구 상도동 248-16,V02Q1940756,126.932438141,37.500073592,3.8
321,동작구,서울특별시 동작구 상도동 518-7,V02Q1940947,126.952012252,37.499025801,3.8
322,동작구,서울특별시 동작구 상도동 518-7,V02Q1940747,126.951396216,37.499725999,4
323,동작구,서울특별시 동작구 사당동 708-646,V02Q1940952,126.978633256,37.488708568,4
324,동작구,서울특별시 동작구 사당동 91-11,V02Q1940301,126.980570370,37.489118205,3.9
325,동작구,서울특별시 동작구 대방동 341-1,V02Q1940296,126.926302180,37.511969865,3.5
326,동작구,서울특별시 동작구 동작동 102-17,V02Q1940190,126.982416760,37.496530966,3.9
327,동작구,서울특별시 동작구 사당동 72-11,V02Q1940292,126.981944109,37.490848085,4
328,동작구,서울특별시 동작구 사당동 300-8,V02Q1940834,126.971648990,37.480982188,0.3
329,강북구,서울특별시 강북구 미아동 791-985,V02Q1940330,127.019350684,37.627788213,3.6
330,강북구,서울특별시 강북구 수유동 279-306,V02Q1940160,127.012456138,37.647918746,2.6
331,강북구,서울특별시 강북구 미아동 679-12,V02Q1940314,127.022803822,37.618561243,3.3
332,강북구,서울특별시 강북구 미아동 1353,V02Q1940207,127.015272460,37.617077135,3.4
333,강북구,서울특별시 강북구 번동 454-116,V02Q1940431,127.033963592,37.636389450,3.2
334,강북구,서울특별시 강북구 번동 253,V02Q1940394,127.038099294,37.632133192,3.7
335,강북구,서울특별시 강북구 번동 241,V02Q1940414,127.046177842,37.625965579,3
336,강북구,서울특별시 강북구 미아동 87-115,V02Q1940386,127.034160265,37.615898092,3.2
337,강북구,서울특별시 강북구 수유동 553-61,V02Q1940429,127.011032768,37.642010944,3.4
338,강북구,서울특별시 강북구 수유동 472-564,V02Q1940378,127.016796019,37.631155545,2.8
339,강북구,서울특별시 강북구 수유동 605-207,V02Q1940300,127.019451660,37.643785116,3.6
340,강북구,서울특별시 강북구 수유동 142,V02Q1940409,127.023769840,37.638094909,2.7
341,강북구,서울특별시 강북구 미아동 195-1,V02Q1940137,127.027150570,37.627319486,2.7
342,강북구,서울특별시 강북구 미아동 1354-15,V02Q1940107,127.012353218,37.620774122,3.8
343,강북구,서울특별시 강북구 미아동 229-22,V02Q1940340,127.027215038,37.625555196,3.7
344,강북구,서울특별시 강북구 우이동 80,V02Q1940253,127.011201895,37.653908316,3.1
345,강북구,서울특별시 강북구 수유동 55-7,V02Q1940949,127.022627851,37.630375704,3.3
346,강북구,서울특별시 강북구 수유동 55-7,V02Q1940746,127.021742016,37.632189703,3.3
347,강북구,서울특별시 강북구 수유동 54-5,V02Q1940448,127.023550324,37.630759384,3.6
348,강북구,서울특별시 강북구 우이동 165-22,V02Q1940477,127.011085788,37.662020800,2.7
349,강북구,서울특별시 강북구 수유동 605-613,V02Q1940823,127.018162863,37.635061606,4.2
350,강북구,서울특별시 강북구 번동 148-383,V02Q1940763,127.034623328,37.626592071,3.6
351,강북구,서울특별시 강북구 수유동 568-100,V02Q1940712,127.011898041,37.647922785,2
352,성북구,서울특별시 성북구 동선동3가 89,V02Q1940131,127.021195754,37.594485209,3.7
353,성북구,서울특별시 성북구 보문동7가 104-1,V02Q1940283,127.023030202,37.580601951,3.7
354,성북구,서울특별시 성북구 삼선동4가 300-1,V02Q1940284,127.012920240,37.589684126,3.7
355,성북구,서울특별시 성북구 안암동3가 132-15,V02Q1940276,127.023508900,37.585538222,3.5
356,성북구,서울특별시 성북구 하월곡동 81-15,V02Q1940206,127.034101399,37.609442000,3.7
357,성북구,서울특별시 성북구 상월곡동 24-150,V02Q1940143,127.049738379,37.605853317,3.5
358,성북구,서울특별시 성북구 장위동 283-16,V02Q1940379,127.043665947,37.614202405,3.2
359,성북구,서울특별시 성북구 장위동 45-4,V02Q1940064,127.055516594,37.611079418,3.9
360,성북구,서울특별시 성북구 장위동 16-85,V02Q1940087,127.058848678,37.615704541,2.9
361,성북구,서울특별시 성북구 정릉동 16-7,V02Q1940381,127.016720958,37.601609293,3.6
362,성북구,서울특별시 성북구 정릉동 435,V02Q1940388,127.009921999,37.604028401,3.1
363,성북구,서울특별시 성북구 정릉동 692-22,V02Q1940406,127.004354963,37.609392922,3.7
364,성북구,서울특별시 성북구 정릉동 290-8,V02Q1940401,127.007460258,37.613203808,3.7
365,성북구,서울특별시 성북구 종암동 3-89,V02Q1940322,127.036027437,37.599172405,3.7
366,성북구,서울특별시 성북구 석관동 384-8,V02Q1940147,127.061715390,37.613086579,3.7
367,성북구,서울특별시 성북구 성북동1가 120-1,V02Q1940351,127.003006912,37.591053944,3.5
368,성북구,서울특별시 성북구 길음동 1280-5,V02Q1940418,127.017534204,37.609877929,3.3
369,성북구,서울특별시 성북구 길음동 918-8,V02Q1940344,127.025556259,37.605800332,3.4
370,성북구,서울특별시 성북구 돈암동 2-81,V02Q1940328,127.029375552,37.603348199,3.2
371,성북구,서울특별시 성북구 돈암동 산 85-119,V02Q1940361,127.010785803,37.597979468,3.7
372,성북구,서울특별시 성북구 하월곡동 219,V02Q1940415,127.035746910,37.603943867,3.9
373,성북구,서울특별시 성북구 길음동 1276,V02Q1940362,127.024172083,37.603377970,3.6
374,성북구,서울특별시 성북구 하월곡동 73-96,V02Q1940335,127.041340346,37.607742032,3.9
375,성북구,서울특별시 성북구 돈암동 632-9,V02Q1940419,127.024181745,37.595702008,3.9
376,성북구,서울특별시 성북구 길음동 1064-1,V02Q1940879,127.027318073,37.606667961,2
377,도봉구,서울특별시 도봉구 도봉동 638-9,V02Q1940329,127.044592639,37.680506067,2.9
378,도봉구,서울특별시 도봉구 도봉동 637-90,V02Q1940264,127.045155100,37.671181441,3.5
379,도봉구,서울특별시 도봉구 방학동 685-69,V02Q1940334,127.040068726,37.665639055,3.6
380,도봉구,서울특별시 도봉구 방학동 606-5,V02Q1940203,127.032315603,37.669322061,3.1
381,도봉구,서울특별시 도봉구 방학동 565-12,V02Q1940338,127.023400235,37.660906226,3.5
382,도봉구,서울특별시 도봉구 쌍문동 419-6,V02Q1940320,127.019891368,37.649767589,3.1
383,도봉구,서울특별시 도봉구 쌍문동 29-3,V02Q1940205,127.037995194,37.659465824,"2,9"
384,도봉구,서울특별시 도봉구 쌍문동 315-361,V02Q1940342,127.029080112,37.648071356,3
385,도봉구,서울특별시 도봉구 쌍문동 137-114,V02Q1940324,127.030631818,37.651536117,3.8
386,도봉구,서울특별시 도봉구 창동 347,V02Q1940323,127.046112438,37.649251734,3.2
387,도봉구,서울특별시 도봉구 창동 585-24,V02Q1940265,127.035018627,37.639567697,3
388,도봉구,서울특별시 도봉구 창동 산 194-2,V02Q1940242,127.042584289,37.639440368,3.9
389,도봉구,서울특별시 도봉구 창동 17,V02Q1940404,127.052329425,37.653207240,3.7
390,도봉구,서울특별시 도봉구 창동 274-13,V02Q1940091,127.043718917,37.656045003,3
391,도봉구,서울특별시 도봉구 쌍문동 143-52,V02Q1940331,127.033422705,37.650506581,3
392,도봉구,서울특별시 도봉구 창동 660-7,V02Q1940345,127.035284494,37.649170939,3.3
393,도봉구,서울특별시 도봉구 도봉동 39-3,V02Q1940303,127.046734855,37.689231812,2.9
394,도봉구,서울특별시 도봉구 창동 542-1,V02Q1940846,127.039003681,37.637396377,2.9
395,도봉구,서울특별시 도봉구 창동 557-72,V02Q1940799,127.038270960,37.637816803,3.7
396,도봉구,서울특별시 도봉구 도봉동 353-29,V02Q1940135,127.042373479,37.690991222,3.3
397,도봉구,서울특별시 도봉구 창동 135-84,V02Q1940390,127.047743044,37.654728776,3.5
398,도봉구,서울특별시 도봉구 도봉동 287-15,V02Q1940325,127.041879527,37.689238470,3.3
399,도봉구,서울특별시 도봉구 창동 445-22,V02Q1940665,127.035490388,37.640683410,2.8
400,도봉구,서울특별시 도봉구 창동 585-13,V02Q1940889,127.036010700,37.639946360,3.7
401,도봉구,서울특별시 도봉구 창동 445-10,V02Q1940783,127.038053156,37.639645297,3
402,도봉구,서울특별시 도봉구 쌍문동 산 80-1,V02Q1940752,127.029228176,37.654166168,0.400000000
403,서대문구,서울특별시 서대문구 남가좌동 102-7,V02Q1940569,126.916755384,37.569421371,3.7
404,서대문구,서울특별시 서대문구 남가좌동 319-23,V02Q1940520,126.923232245,37.578225524,3.9
405,서대문구,서울특별시 서대문구 북가좌동 408,V02Q1940385,126.905285588,37.577809729,3.3
406,서대문구,서울특별시 서대문구 북가좌동 357-6,V02Q1940463,126.907522426,37.579936878,3.4
407,서대문구,서울특별시 서대문구 연희동 142-18,V02Q1940470,126.935032281,37.578009928,3.8
408,서대문구,서울특별시 서대문구 북아현동 1-1785,V02Q1940516,126.954334209,37.565060519,4.6
409,서대문구,서울특별시 서대문구 홍은동 11-314,V02Q1940412,126.945826994,37.600292702,3.7
410,서대문구,서울특별시 서대문구 홍은동 277-47,V02Q1940363,126.934327311,37.581375321,4.1
411,서대문구,서울특별시 서대문구 홍제동 167-29,V02Q1940494,126.944520584,37.587446952,3.7
412,서대문구,서울특별시 서대문구 홍제동 136-41,V02Q1940509,126.947329111,37.586743569,3.5
413,서대문구,서울특별시 서대문구 홍제동 8-172,V02Q1940514,126.951716595,37.591978674,4
414,서대문구,서울특별시 서대문구 북아현동 1002,V02Q1940487,126.959004501,37.558869480,3.3
415,서대문구,서울특별시 서대문구 대신동 125-26,V02Q1940422,126.946465791,37.567576951,3.2
416,서대문구,서울특별시 서대문구 천연동 80-41,V02Q1940551,126.960883381,37.568774860,3.2
417,서대문구,서울특별시 서대문구 대현동 62-13,V02Q1940585,126.946573015,37.558823129,3.3
418,서대문구,서울특별시 서대문구 홍제동 259-4,V02Q1940543,126.944662260,37.590102072,3.4
419,서대문구,서울특별시 서대문구 영천동 101-4,V02Q1940592,126.959673009,37.570558497,3.7
420,서대문구,서울특별시 서대문구 연희동 산 2-5,V02Q1940488,126.939463278,37.582159204,3.8
421,서대문구,서울특별시 서대문구 창천동 18-54,V02Q1940138,126.939253586,37.557637123,3.6
422,서대문구,서울특별시 서대문구 홍제동 7-13,V02Q1940852,126.949763762,37.593740345,1.5
423,용산구,서울특별시 용산구 후암동 167-2,V02Q1940571,126.975236492,37.546504106,3.7
424,용산구,서울특별시 용산구 보광동 216-67,V02Q1940523,126.999242183,37.525687990,3.3
425,용산구,서울특별시 용산구 도원동 7-2,V02Q1940726,126.957917034,37.539012287,3.4
426,용산구,서울특별시 용산구 용산동2가 1-1723,V02Q1940651,126.984790146,37.546239741,3.4
427,용산구,서울특별시 용산구 원효로2가 3-5,V02Q1940574,126.965695100,37.537181941,4
428,용산구,서울특별시 용산구 산천동 82-1,V02Q1940595,126.951380013,37.534398731,2.7
429,용산구,서울특별시 용산구 이촌동 301-234,V02Q1940572,126.971790470,37.521117972,3.7
430,용산구,서울특별시 용산구 이촌동 171-1,V02Q1940600,126.956842648,37.524446020,3.4
431,용산구,서울특별시 용산구 이태원동 15-24,V02Q1940648,126.995986461,37.532294579,4.1
432,용산구,서울특별시 용산구 이태원동 260-118,V02Q1940686,126.991128742,37.541361627,3.6
433,용산구,서울특별시 용산구 한강로3가 63-389,V02Q1940637,126.968845768,37.525447033,3.3
434,용산구,서울특별시 용산구 한남동 684-85,V02Q1940698,127.000735898,37.534626724,3.2
435,용산구,서울특별시 용산구 효창동 5-713,V02Q1940525,126.960760204,37.542265658,3.4
436,용산구,서울특별시 용산구 후암동 56-38,V02Q1940584,126.978020139,37.549955116,3.4
437,용산구,서울특별시 용산구 서빙고동 1-3,V02Q1940577,126.993653966,37.523642878,3.8
438,용산구,서울특별시 용산구 서계동 222-11,V02Q1940524,126.968131192,37.554354634,3.4
439,용산구,서울특별시 용산구 용산동6가 69-172,V02Q1940731,126.985318268,37.517989157,3.9
440,용산구,서울특별시 용산구 이태원동 34-66,V02Q1940559,126.991219946,37.532936634,3.8
441,용산구,서울특별시 용산구 이촌동 301-7,V02Q1940668,126.980569679,37.519020700,3.7
442,용산구,서울특별시 용산구 한강로3가 65-206,V02Q1940630,126.965070815,37.525540411,3.9
443,용산구,서울특별시 용산구 이촌동 412-1,V02Q1940664,126.977026762,37.520370616,3.8
444,용산구,서울특별시 용산구 보광동 68,V02Q1940578,127.002884625,37.526372633,3.5
445,용산구,서울특별시 용산구 이촌동 376,V02Q1940830,126.959447221,37.521488691,4.1
446,용산구,서울특별시 용산구 한남동 726-366,V02Q1940856,127.004773647,37.540399100,1
447,금천구,서울특별시 금천구 가산동 152-28,V02Q1940428,126.892907759,37.475806357,4.7
448,금천구,서울특별시 금천구 독산동 300-21,V02Q1940474,126.893798198,37.468794779,4.5
449,금천구,서울특별시 금천구 독산동 378-451,V02Q1940483,126.903967773,37.463094923,3.7
450,금천구,서울특별시 금천구 독산동 980-44,V02Q1940369,126.902419701,37.474322540,3.9
451,금천구,서울특별시 금천구 독산동 1020-21,V02Q1940484,126.902191236,37.468026771,3.6
452,금천구,서울특별시 금천구 시흥동 1000-82,V02Q1940702,126.904030967,37.453351538,3.5
453,금천구,서울특별시 금천구 시흥동 270-7,V02Q1940699,126.912904394,37.449993312,3.9
454,금천구,서울특별시 금천구 시흥동 655-11,V02Q1940730,126.907172587,37.439934790,3.3
455,금천구,서울특별시 금천구 시흥동 812-38,V02Q1940777,126.905912208,37.458870577,3.5
456,금천구,서울특별시 금천구 시흥동 산 77-9,V02Q1940641,126.910233665,37.446719338,4
457,금천구,서울특별시 금천구 독산동 1150,V02Q1940407,126.895089073,37.458443860,3.9
458,금천구,서울특별시 금천구 독산동 1002-5,V02Q1940486,126.890697047,37.466702737,3.5
459,금천구,서울특별시 금천구 독산동 산 193-3,V02Q1940479,126.907496394,37.467647317,3.5
460,금천구,서울특별시 금천구 독산동 1080-4,V02Q1940374,126.897235488,37.464318170,3.9
461,금천구,서울특별시 금천구 시흥동 1000-35,V02Q1940693,126.900317769,37.456068384,3.7
462,금천구,서울특별시 금천구 시흥동 1001-5,V02Q1940690,126.904124226,37.445514669,3.3
463,금천구,서울특별시 금천구 독산동 독산로54길 114,V02Q1940247,126.908102280,37.467563913,2.8
464,금천구,서울특별시 금천구 가산동 가산로5길 43,V02Q1940656,126.892134675,37.473510682,2.8
465,금천구,서울특별시 금천구 시흥동 267-9,V02Q1940220,126.914702737,37.449538031,2.5
466,금천구,서울특별시 금천구 독산4동 371-2,V02Q1940948,126.907222998,37.470076550,1
467,금천구,서울특별시 금천구 독산동 870-2,V02Q1940495,126.890018836,37.461455378,3.7
468,금천구,서울특별시 금천구 독산동 330-40,V02Q1940405,126.892576074,37.468578018,4.1
469,금천구,서울특별시 금천구 시흥동 832-14,V02Q1940880,126.908303963,37.452374751,1.2
470,중구,서울특별시 중구 예관동 120-1,V02Q1940536,126.997219571,37.563560918,4
471,중구,서울특별시 중구 신당동 432-24,V02Q1940570,127.008042572,37.554358673,3.9
472,중구,서울특별시 중구 회현동1가 204-1,V02Q1940436,126.979644431,37.560575664,3.3
473,중구,서울특별시 중구 태평로2가 69-5,V02Q1940541,126.976764495,37.562768984,3.3
474,중구,서울특별시 중구 신당동 161,V02Q1940546,127.022110315,37.564448469,4.4
475,중구,서울특별시 중구 신당동 304-4,V02Q1940568,127.013260366,37.562850728,4
476,중구,서울특별시 중구 신당동 844,V02Q1940598,127.012143986,37.551727975,4.1
477,중구,서울특별시 중구 을지로3가 320-34,V02Q1940562,126.991035069,37.565542170,3.5
478,중구,서울특별시 중구 장충동1가 49-9,V02Q1940564,127.008563128,37.560859569,3.8
479,중구,서울특별시 중구 중림동 200,V02Q1940508,126.964330835,37.558188462,3.9
480,중구,서울특별시 중구 신당동 330-342,V02Q1940599,127.016607496,37.557404557,4
481,중구,서울특별시 중구 필동2가 20-9,V02Q1940553,126.996000954,37.560826891,4.1
482,중구,서울특별시 중구 을지로2가 181,V02Q1940540,126.984491809,37.565310977,3.3
483,중구,서울특별시 중구 신당동 52-7,V02Q1940500,127.018748694,37.561552657,3.3
484,중구,서울특별시 중구 황학동 2473-38,V02Q1940527,127.021883159,37.568985838,3
485,중구,서울특별시 중구 소공동 91-1,V02Q1940053,126.978885858,37.565040748,3.5
486,중구,서울특별시 중구 신당동 850-2,V02Q1940529,127.020438540,37.559400896,3.2
487,중구,서울특별시 중구 회현동1가 206,V02Q1940596,126.980311760,37.559046312,3.8
488,중구,서울특별시 중구 을지로6가 16-4,V02Q1940573,127.005439263,37.568390808,3.3
489,중구,서울특별시 중구 산림동 156-30,V02Q1940566,126.995184955,37.567234241,3.7
490,중구,서울특별시 중구 필동2가 19-6,V02Q1940498,126.995545523,37.560782132,4
491,중구,서울특별시 중구 다동 60-2,V02Q1940604,126.980941430,37.567837219,3.2
492,중구,서울특별시 중구 회현동1가 110-1,V02Q1940597,126.981160888,37.556195026,3.4
493,중구,서울특별시 중구 신당동 377-171,V02Q1940554,127.009175344,37.557286013,3.5
494,중구,서울특별시 중구 장충동2가 173-7,V02Q1940544,127.001152964,37.561639705,4.2
495,중구,서울특별시 중구 순화동 207-6,V02Q1940302,126.971893203,37.559509204,3.8
496,중구,서울특별시 중구 순화동 5-2,V02Q1940438,126.970519750,37.562396378,4
497,중구,서울특별시 중구 산림동 56-2,V02Q1940567,126.996509941,37.568055619,3.6
498,중구,서울특별시 중구 회현동1가 100-115,V02Q1940602,126.980558980,37.554623618,3.8
499,중구,서울특별시 중구 예장동 8-179,V02Q1940608,126.985904183,37.556688983,3.7
500,중구,서울특별시 중구 서소문동 37,V02Q1940780,126.975981023,37.564698899,1
501,성동구,서울특별시 성동구 금호동1가 1813,V02Q1940473,127.019920184,37.556809663,3.8
502,성동구,서울특별시 성동구 금호동2가 1216,V02Q1940636,127.023020186,37.552272662,4.2
503,성동구,서울특별시 성동구 금호동4가 800,V02Q1940526,127.021579388,37.546984916,4.1
504,성동구,서울특별시 성동구 마장동 780,V02Q1940156,127.045521513,37.566674857,3.8
505,성동구,서울특별시 성동구 사근동 190-2,V02Q1940590,127.048425106,37.560723571,4
506,성동구,서울특별시 성동구 성수동1가 33-3,V02Q1940502,127.049563967,37.540814810,4
507,성동구,서울특별시 성동구 성수동1가 668-11,V02Q1940545,127.043641494,37.546306095,3.8
508,성동구,서울특별시 성동구 성수동2가 333-13,V02Q1940556,127.054675329,37.540241557,3.9
509,성동구,서울특별시 성동구 성수동2가 299-33,V02Q1940594,127.053877502,37.549231792,3.8
510,성동구,서울특별시 성동구 송정동 72-104,V02Q1940503,127.068898201,37.554010674,4
511,성동구,서울특별시 성동구 옥수동 362-1,V02Q1940617,127.016370616,37.541972102,4
512,성동구,서울특별시 성동구 하왕십리동 978-2,V02Q1940616,127.030835302,37.560443166,4
513,성동구,서울특별시 성동구 도선동 418,V02Q1940563,127.031439736,37.564129832,3.9
514,성동구,서울특별시 성동구 용답동 183-1,V02Q1940603,127.055964397,37.563368336,4.1
515,성동구,서울특별시 성동구 응봉동 205-29,V02Q1940639,127.032974096,37.549603893,4.1
516,성동구,서울특별시 성동구 행당동 287-30,V02Q1940644,127.034602965,37.561197184,4.3
517,성동구,서울특별시 성동구 행당동 347,V02Q1940504,127.028960770,37.559058890,4.2
518,성동구,서울특별시 성동구 행당동 150-2,V02Q1940607,127.038552736,37.558871110,3
519,성동구,서울특별시 성동구 마장동 765-1,V02Q1940628,127.040528854,37.568356828,3.8
520,성동구,서울특별시 성동구 하왕십리동 1060,V02Q1940615,127.024148057,37.557838543,3.8
521,성동구,서울특별시 성동구 용답동 239-3,V02Q1940642,127.064339113,37.560215516,4.6
522,성동구,서울특별시 성동구 성수동1가 34-17,V02Q1940670,127.049873167,37.539279182,4.1
523,성동구,서울특별시 성동구 용답동 239-1,V02Q1940454,127.059052462,37.561013865,4.4
524,성동구,서울특별시 성동구 응봉동 193-165,V02Q1940582,127.030960576,37.548897364,3.8
525,성동구,서울특별시 성동구 행당동 1-105,V02Q1940828,127.039688831,37.561332045,4
526,성동구,서울특별시 성동구 성수동1가 13-219,V02Q1940261,127.049770229,37.549808841,3.8
527,성동구,서울특별시 성동구 마장동 479-33,V02Q1940735,127.033660707,37.568406512,4
528,성동구,서울특별시 성동구 송정동 92-29,V02Q1940112,127.071193511,37.556504509,4.1
529,성동구,서울특별시 성동구 용답동 127,V02Q1940491,127.048139037,37.568250999,4.3
530,성동구,서울특별시 성동구 마장동 831,V02Q1940623,127.039492971,37.563719858,4
531,성동구,서울특별시 성동구 성수동2가 279,V02Q1940587,127.062139709,37.546671331,4
532,성동구,서울특별시 성동구 금호동3가 1266,V02Q1940739,127.019608782,37.549762090,4.1
533,성동구,서울특별시 성동구 성수동1가 160-1,V02Q1940870,127.046880664,37.538102738,4.1
534,성동구,서울특별시 성동구 사근동 126-104,V02Q1940588,127.050826556,37.558188670,4.1
535,성동구,서울특별시 성동구 사근동 182-17,V02Q1940601,127.048014605,37.560264565,3.9
536,성동구,서울특별시 성동구 행당동 134-9,V02Q1940441,127.037694516,37.558372332,4.1
537,성동구,서울특별시 성동구 금호동3가 700,V02Q1940738,127.021554176,37.551372140,4.1
538,성동구,서울특별시 성동구 성수동1가 685-185,V02Q1940460,127.042547472,37.548884235,4.2
539,성동구,서울특별시 성동구 금호동2가 223-1,V02Q1940367,127.020099839,37.554394775,4
540,성동구,서울특별시 성동구 행당동 299-18,V02Q1940758,127.031606382,37.560119488,4
541,성동구,서울특별시 성동구 성수동1가 8-5,V02Q1940270,127.046740172,37.547286983,4.2
542,성동구,서울특별시 성동구 응봉동 15,V02Q1940842,127.035584790,37.552142480,4.2
543,성동구,서울특별시 성동구 하왕십리동 990-1,V02Q1940258,127.028435382,37.562998002,4.4
544,성동구,서울특별시 성동구 마장동 450-65,V02Q1940871,127.037105979,37.571146650,4
545,성동구,서울특별시 성동구 용답동 28-7,V02Q1940868,127.052853492,37.560512835,4.1
546,성동구,서울특별시 성동구 송정동 73-879,V02Q1940627,127.067379627,37.551819341,3.6
547,성동구,서울특별시 성동구 금호동1가 1500-3,V02Q1940753,127.026655727,37.549364662,4
548,성동구,서울특별시 성동구 행당동 317-18,V02Q1940866,127.029649353,37.558038604,3.4
549,성동구,서울특별시 성동구 행당동 375-13,V02Q1940575,127.032318247,37.555822871,4
550,성동구,서울특별시 성동구 용답동 239-3,V02Q1940263,127.062747282,37.560874377,4.2
551,성동구,서울특별시 성동구 성수동2가 834,V02Q1940733,127.056597845,37.548189710,4.1
552,성동구,서울특별시 성동구 성수동2가 255-2,V02Q1940496,127.059760733,37.538775645,3.8
553,성동구,서울특별시 성동구 성수동2가 314-20,V02Q1940744,127.053111792,37.544751429,3.7
554,성동구,서울특별시 성동구 응봉동 265-318,V02Q1940511,127.029032211,37.552655082,4.2
555,성동구,서울특별시 성동구 홍익동 594,V02Q1940632,127.034474790,37.564964319,4
556,성동구,서울특별시 성동구 용답동 125-1,V02Q1940580,127.051058361,37.566729843,3.8
557,성동구,서울특별시 성동구 마장동 산 23-2,V02Q1940761,127.044484399,37.564052441,3.9
558,성동구,서울특별시 성동구 성수동2가 333-140,V02Q1940565,127.053612431,37.541950115,4
559,성동구,서울특별시 성동구 응봉동 228-16,V02Q1940501,127.036324364,37.552003424,4.4
560,성동구,서울특별시 성동구 마장동 766-51,V02Q1940709,127.044601600,37.569445214,3.9
561,성동구,서울특별시 성동구 하왕십리동 1052-1,V02Q1940286,127.026682312,37.562166194,4.4
562,성동구,서울특별시 성동구 성수동1가 656-130,V02Q1940530,127.047751758,37.542144186,4.1
563,성동구,서울특별시 성동구 성수동2가 574-9,V02Q1940743,127.056427019,37.536419649,4.1
564,성동구,서울특별시 성동구 성수동1가 694-3,V02Q1940748,127.050872231,37.537369863,4.1
565,성동구,서울특별시 성동구 성수동1가 27-23,V02Q1940786,127.049671321,37.542101542,1
566,마포구,서울특별시 마포구 포은로 6길 27,V02Q1940613,126.906554638,37.555963033,3.4
567,마포구,서울특별시 마포구 망원동 471-39,V02Q1940635,126.903330852,37.561275988,3.2
568,마포구,서울특별시 마포구 상암동 6-4,V02Q1940612,126.895192779,37.578076172,3.3
569,마포구,서울특별시 마포구 창전동 329-1,V02Q1940593,126.930249061,37.546942344,3.1
570,마포구,서울특별시 마포구 서교동 466-2,V02Q1940605,126.915440065,37.554430004,4.2
571,마포구,서울특별시 마포구 성산동 275-57,V02Q1940467,126.909102050,37.56348852,3.6
572,마포구,서울특별시 마포구 성산동 165-34,V02Q1940426,126.907319515,37.568029120,3.2
573,마포구,서울특별시 마포구 신수동 347,V02Q1940519,126.934407432,37.547192179,3.2
574,마포구,서울특별시 마포구 아현동 727-8,V02Q1940629,126.961592570,37.556894718,3.5
575,마포구,서울특별시 마포구 연남동 250-1,V02Q1940696,126.922272544,37.564714906,3.2
576,마포구,서울특별시 마포구 염리동 154-30,V02Q1940650,126.945400521,37.546687742,3.3
577,마포구,서울특별시 마포구 용강동 381-10,V02Q1940456,126.942692056,37.543102045,3.2
578,마포구,서울특별시 마포구 합정동 407,V02Q1940638,126.910390805,37.550293203,3
579,마포구,서울특별시 마포구 공덕동 23-1,V02Q1940647,126.958483037,37.549480249,3.5
580,마포구,서울특별시 마포구 대흥동 7-6,V02Q1940661,126.946601344,37.552313282,3.5
581,마포구,서울특별시 마포구 도화동 1-452,V02Q1940700,126.956210073,37.540261822,3
582,마포구,서울특별시 마포구 연남동 369-1,V02Q1940640,126.919490435,37.563905103,3.3
583,마포구,서울특별시 마포구 노고산동 31-123,V02Q1940531,126.936237145,37.554889424,3.9
584,마포구,서울특별시 마포구 상수동 72-10,V02Q1940521,126.925522961,37.548762700,3.2
585,마포구,서울특별시 마포구 성산동 산 53-27,V02Q1940622,126.896573450,37.570480416,3.2
586,마포구,서울특별시 마포구 상암동 895,V02Q1940697,126.882942751,37.587569235,3.1
587,마포구,서울특별시 마포구 망원동 460-5,V02Q1940586,126.900901236,37.552877884,3.6
588,마포구,서울특별시 마포구 망원동 403-2,V02Q1940449,126.905987083,37.555791177,3.9
589,마포구,서울특별시 마포구 서교동 485-23,V02Q1940711,126.912365117,37.553798996,4
590,마포구,서울특별시 마포구 망원동 403-6,V02Q1940945,126.906902824,37.555243706,3.2
591,마포구,서울특별시 마포구 망원동 468-16,V02Q1940581,126.901619949,37.561425064,3.1
592,마포구,서울특별시 마포구 망원동 386-15,V02Q1940285,126.910362872,37.554722482,3.4
593,마포구,서울특별시 마포구 망원동 463-11,V02Q1940471,126.898801228,37.561086675,3.6
594,마포구,서울특별시 마포구 성산동 192-19,V02Q1940451,126.906147898,37.563493539,3.6
595,마포구,서울특별시 마포구 성산동 630-3,V02Q1940439,126.917475060,37.559890951,3.4
596,마포구,서울특별시 마포구 염리동 9-245,V02Q1940528,126.947000935,37.555307628,3.6
597,마포구,서울특별시 마포구 염리동 169-12,V02Q1940728,126.947100001,37.544962869,3.8
598,마포구,서울특별시 마포구 연남동 224-43,V02Q1940466,126.927032614,37.563396634,3.5
599,마포구,서울특별시 마포구 마포동 418-2,V02Q1940542,126.944436825,37.535392634,3.7
600,마포구,서울특별시 마포구 대흥동 401-1,V02Q1940490,126.941096063,37.545534000,3.6
601,마포구,서울특별시 마포구 노고산동 1-39,V02Q1940534,126.940289725,37.555722170,3.6
602,마포구,서울특별시 마포구 성산동 590-8,V02Q1940620,126.903513437,37.565194468,3.2
603,마포구,서울특별시 마포구 합정동 85-9,V02Q1940643,126.912963429,37.544331645,3.9
604,마포구,서울특별시 마포구 아현동 612-8,V02Q1940634,126.956525838,37.554067434,3
605,마포구,서울특별시 마포구 노고산동 33-24,V02Q1940606,126.937692378,37.554459210,2.9
606,마포구,서울특별시 마포구 신정동 30-2,V02Q1940461,126.930067638,37.543548656,3
607,마포구,서울특별시 마포구 망원동 453-1,V02Q1940610,126.896584381,37.556140088,3.4
608,마포구,서울특별시 마포구 아현동 676,V02Q1940631,126.948526455,37.556470741,3.4
609,마포구,서울특별시 마포구 서교동 359,V02Q1940723,126.923527194,37.552278967,2.9
610,마포구,서울특별시 마포구 현석동 106-28,V02Q1940288,126.934121335,37.543956765,3.2
611,마포구,서울특별시 마포구 서교동 365-29,V02Q1940626,126.921192311,37.550654660,3.2
612,마포구,서울특별시 마포구 노고산동 117-31,V02Q1940653,126.934625963,37.553106066,3
613,마포구,서울특별시 마포구 망원동 416-7,V02Q1940442,126.902961558,37.557538046,4
614,마포구,서울특별시 마포구 성산동 24-18,V02Q1940688,126.914860850,37.565520442,3.1
615,마포구,서울특별시 마포구 서교동 350-1,V02Q1940722,126.925966058,37.554828667,0
616,마포구,서울특별시 마포구 망원동 408-5,V02Q1940624,126.903854076,37.554581636,3.3
617,마포구,서울특별시 마포구 합정동 198-48,V02Q1940611,126.914756790,37.545528073,3.7
618,마포구,서울특별시 마포구 용강동 38-3,V02Q1940684,126.943863779,37.540211081,3.6
619,마포구,서울특별시 마포구 상수동 347-8,V02Q1940583,126.923390937,37.545205505,3.1
620,마포구,서울특별시 마포구 망원동 450-2,V02Q1940579,126.897668662,37.559629323,3.8
621,마포구,서울특별시 마포구 도화동 204-14,V02Q1940497,126.947836750,37.538312104,3.2
622,마포구,서울특별시 마포구 합정동 406-4,V02Q1940646,126.911326870,37.547674256,3.6
623,마포구,서울특별시 마포구 합정동 404,V02Q1940621,126.914246370,37.546742361,4
624,마포구,서울특별시 마포구 성산동 54-16,V02Q1940459,126.911621855,37.564510612,3.7
625,마포구,서울특별시 마포구 신수동 450-3,V02Q1940535,126.936275920,37.550493287,3.3
626,마포구,서울특별시 마포구 연남동 361-24,V02Q1940450,126.917774061,37.565480765,3.5
627,마포구,서울특별시 마포구 아현동 331-48,V02Q1940618,126.954403342,37.557133494,2.9
628,마포구,서울특별시 마포구 상암동 1296-5,V02Q1940576,126.896669047,37.577176662,3.3
629,마포구,서울특별시 마포구 신공덕동 8-3,V02Q1940619,126.956110443,37.546185483,3.8
630,마포구,서울특별시 마포구 서교동 473-15,V02Q1940609,126.912238552,37.556275389,3.9
631,마포구,서울특별시 마포구 상암동 499-2,V02Q1940833,126.870825226,37.571310770,5.7
632,마포구,서울특별시 마포구 망원동 403-2,V02Q1940813,126.895956014,37.554617778,4.2
633,마포구,서울특별시 마포구 망원동 403-2,V02Q1940854,126.905532976,37.555590595,1.2
634,관악구,서울특별시 관악구 신림동 1468-1,V02Q1940425,126.933053281,37.486421000,3.1
635,관악구,서울특별시 관악구 신림동 505,V02Q1940561,126.918737044,37.485193189,3.9
636,관악구,서울특별시 관악구 신림동 1602-3,V02Q1940440,126.927560971,37.481691684,3.5
637,관악구,서울특별시 관악구 봉천동 975-24,V02Q1940538,126.936065990,37.486277682,3.9
638,관악구,서울특별시 관악구 봉천동 1636-2,V02Q1940674,126.965260142,37.474808425,3.9
639,관악구,서울특별시 관악구 신림동 562,V02Q1940533,126.907968763,37.483057586,3.7
640,관악구,서울특별시 관악구 봉천동 872-23,V02Q1940262,126.949460805,37.483428028,3.3
641,관악구,서울특별시 관악구 봉천동 1560-63,V02Q1940452,126.944462740,37.478892525,3.6
642,관악구,서울특별시 관악구 봉천동 1693-56,V02Q1940272,126.961244584,37.478839542,4.9
643,관악구,서울특별시 관악구 봉천동 산 56-3,V02Q1940458,126.957775697,37.476421550,3.1
644,관악구,서울특별시 관악구 신림동 646-449,V02Q1940532,126.921795051,37.470727878,3
645,관악구,서울특별시 관악구 신림동 1736-12,V02Q1940683,126.919158834,37.462118231,3
646,관악구,서울특별시 관악구 남현동 1125,V02Q1940663,126.977785908,37.474747271,3.7
647,관악구,서울특별시 관악구 신림동 808-169,V02Q1940552,126.915669565,37.476394330,3.7
648,관악구,서울특별시 관악구 봉천동 661-38,V02Q1940444,126.932640904,37.488600304,3.2
649,관악구,서울특별시 관악구 신림동 808-502,V02Q1940557,126.931636320,37.469277115,4
650,관악구,서울특별시 관악구 신림동 408-35,V02Q1940512,126.934891149,37.475561680,3.4
651,관악구,서울특별시 관악구 신림동 90-67,V02Q1940445,126.932355178,37.480392072,3.1
652,관악구,서울특별시 관악구 봉천동 823,V02Q1940657,126.947832361,37.489760672,3.2
653,관악구,서울특별시 관악구 봉천동 801,V02Q1940625,126.958704722,37.490698824,3.8
654,관악구,서울특별시 관악구 신림동 244-17,V02Q1940465,126.940047171,37.468519568,4.1
655,관악구,서울특별시 관악구 봉천동 1706,V02Q1940468,126.959457614,37.484329670,3.6
656,관악구,서울특별시 관악구 봉천동 980-1,V02Q1940446,126.953267798,37.480432106,4.4
657,관악구,서울특별시 관악구 신림동 251-241,V02Q1940260,126.939899246,37.464852583,3.4
658,관악구,서울특별시 관악구 신림동 1602-4,V02Q1940517,126.926497060,37.482486215,3.9
659,관악구,서울특별시 관악구 신림동 1586-1,V02Q1940658,126.925669500,37.483557257,3.7
660,관악구,서울특별시 관악구 신림동 산 156-9,V02Q1940457,126.931912005,37.473194847,3.9
661,관악구,서울특별시 관악구 신림동 1469-7,V02Q1940462,126.922369606,37.489379779,3.2
662,관악구,서울특별시 관악구 봉천동 산 146-28,V02Q1940548,126.930777034,37.491245834,3.1
663,관악구,서울특별시 관악구 봉천동 622-1,V02Q1940493,126.942038141,37.487065431,3.3
664,관악구,서울특별시 관악구 봉천동 981-9,V02Q1940694,126.942708134,37.480240807,3.5
665,관악구,서울특별시 관악구 봉천동 981-4,V02Q1940558,126.947473749,37.479704346,3.5
666,관악구,서울특별시 관악구 봉천동 1693-42,V02Q1940547,126.955297390,37.477791485,3.7
667,관악구,서울특별시 관악구 신림동 1469-4,V02Q1940672,126.925810645,37.487974664,3.9
668,관악구,서울특별시 관악구 신림동 598-8,V02Q1940549,126.922158721,37.475637555,2.8
669,관악구,서울특별시 관악구 신림동 676-30,V02Q1940704,126.918075657,37.463273403,3.4
670,관악구,서울특별시 관악구 봉천동 981-13,V02Q1940689,126.937798795,37.483345261,3.2
671,관악구,서울특별시 관악구 신림동 1714,V02Q1940671,126.925690486,37.463770351,3.8
672,관악구,서울특별시 관악구 신림동 1676-17,V02Q1940725,126.902365272,37.479821352,3.5
673,관악구,서울특별시 관악구 봉천동 979-7,V02Q1940678,126.942046040,37.482581213,3.1
674,관악구,서울특별시 관악구 남현동 1115,V02Q1940681,126.973598246,37.475596249,2.8
675,관악구,서울특별시 관악구 남현동 1060-1,V02Q1940669,126.980135141,37.476427401,2.8
676,관악구,서울특별시 관악구 봉천동 1693-29,V02Q1940537,126.952494018,37.475646812,3.6
677,관악구,서울특별시 관악구 신림동 237-30,V02Q1940633,126.940959642,37.470511388,3.6
678,관악구,서울특별시 관악구 신림동 408-2,V02Q1940589,126.936467643,37.476475075,3.9
679,관악구,서울특별시 관악구 봉천동 970-21,V02Q1940680,126.928862955,37.489325720,3.2
680,관악구,서울특별시 관악구 봉천동 728-1,V02Q1940667,126.926973888,37.492658351,3.3
681,관악구,서울특별시 관악구 신림동 1475-55,V02Q1940703,126.914581853,37.480634340,3.3
682,관악구,서울특별시 관악구 신림동 808-173,V02Q1940701,126.917660902,37.473738394,3.6
683,관악구,서울특별시 관악구 신림동 산 102-9,V02Q1940676,126.922519447,37.458885296,2.8
684,관악구,서울특별시 관악구 신림동 산 87-17,V02Q1940682,126.924455400,37.461887259,3
685,관악구,서울특별시 관악구 신림동 1513-7,V02Q1940269,126.933155701,37.471740618,4.1
686,관악구,서울특별시 관악구 신림동 320,V02Q1940645,126.930247531,37.461539009,3.5
687,관악구,서울특별시 관악구 봉천동 458-42,V02Q1940550,126.951494059,37.486348063,3.4
688,관악구,서울특별시 관악구 신림동 495,V02Q1940673,126.918237414,37.487996202,3.7
689,관악구,서울특별시 관악구 신림동 1648-3,V02Q1940677,126.907034844,37.484587461,3.2
690,관악구,서울특별시 관악구 봉천동 1718-10,V02Q1940510,126.945268507,37.492671311,3.7
691,관악구,서울특별시 관악구 봉천동 738-360,V02Q1940555,126.947493445,37.485477639,3
692,관악구,서울특별시 관악구 신림동 1469-9,V02Q1940660,126.923453033,37.487129427,3
693,관악구,서울특별시 관악구 봉천동 178-178,V02Q1940666,126.967954286,37.470471522,3.7
694,관악구,서울특별시 관악구 신림동 808-266,V02Q1940685,126.916261896,37.478396019,3.6
695,관악구,서울특별시 관악구 신림동 1675-8,V02Q1940652,126.902520271,37.483708428,3.6
696,관악구,서울특별시 관악구 봉천동 1573-12,V02Q1940591,126.949252464,37.478910442,3.5
697,관악구,서울특별시 동작구 상도동 124,V02Q1940560,126.956310667,37.492477025,3.4
698,관악구,서울특별시 관악구 봉천동 1693-13,V02Q1940675,126.939572865,37.478276789,3.5
699,관악구,서울특별시 관악구 봉천동 635-383,V02Q1940692,126.941430088,37.490492222,3.5
700,관악구,서울특별시 관악구 봉천동 850-3,V02Q1940662,126.942535256,37.475726437,3.4
701,관악구,서울특별시 관악구 신림동 1698,V02Q1940691,126.930740417,37.466253246,3.8
702,관악구,서울특별시 관악구 신림동 1439-3,V02Q1940884,126.927124363,37.487397413,1
703,송파구,서울특별시 송파구 석촌동 328-3,V02Q1940742,127.109739451,37.501040267,3.7
704,송파구,서울특별시 송파구 가락동 155-7,V02Q1940784,127.126296648,37.498247757,3.9
705,송파구,서울특별시 송파구 가락동 77-7,V02Q1940679,127.121438826,37.495212727,4.4
706,송파구,서울특별시 송파구 신천동 7,V02Q1940734,127.100466298,37.518337904,2.5
707,송파구,서울특별시 송파구 거여동 36-15,V02Q1940793,127.146171024,37.493457370,4.2
708,송파구,서울특별시 송파구 마천동 211-73,V02Q1940513,127.154991408,37.494179762,4
709,송파구,서울특별시 송파구 마천동 128-50,V02Q1940791,127.149019387,37.496381776,4.1
710,송파구,서울특별시 송파구 문정동 28-9,V02Q1940845,127.124285811,37.489764064,3.7
711,송파구,서울특별시 송파구 문정동 112-17,V02Q1940717,127.132171842,37.485390225,4.3
712,송파구,서울특별시 송파구 방이동 89-1,V02Q1940764,127.134073236,37.515301061,3.1
713,송파구,서울특별시 송파구 방이동 53,V02Q1940790,127.112258966,37.514278277,3.9
714,송파구,서울특별시 송파구 삼전동 86-1,V02Q1940767,127.092310875,37.502603852,3.9
715,송파구,서울특별시 송파구 석촌동 265,V02Q1940772,127.103503284,37.503631193,3.8
716,송파구,서울특별시 송파구 송파동 2-3,V02Q1940775,127.109663753,37.505801455,4.1
717,송파구,서울특별시 송파구 송파동 172,V02Q1940706,127.117110751,37.502049127,4.1
718,송파구,서울특별시 송파구 문정동 150-12,V02Q1940847,127.111908205,37.489683491,3.9
719,송파구,서울특별시 송파구 잠실동 22,V02Q1940708,127.091477797,37.514300619,4.2
720,송파구,서울특별시 송파구 잠실동 27,V02Q1940787,127.094661921,37.512955044,3.4
721,송파구,서울특별시 송파구 신천동 20,V02Q1940800,127.112249200,37.519992859,4
722,송파구,서울특별시 송파구 거여동 127-29,V02Q1940757,127.142857250,37.496722627,3.6
723,송파구,서울특별시 송파구 잠실동 156,V02Q1940788,127.074152379,37.509547855,4.1
724,송파구,서울특별시 송파구 잠실동 282,V02Q1940781,127.084756221,37.506153683,3.9
725,송파구,서울특별시 송파구 오금동 47-11,V02Q1940736,127.128187719,37.504194933,3
726,송파구,서울특별시 송파구 풍납동 74,V02Q1940825,127.121951414,37.538256514,2.9
727,송파구,서울특별시 송파구 장지동 899-1,V02Q1940768,127.139244579,37.478250690,3.5
728,송파구,서울특별시 송파구 방이동 193-14,V02Q1940832,127.124209484,37.511768309,3.8
729,송파구,서울특별시 송파구 풍납동 281-3,V02Q1940873,127.114301129,37.532472110,4.1
730,송파구,서울특별시 송파구 거여동 362-1,V02Q1940745,127.141490229,37.494105760,4.1
731,송파구,서울특별시 송파구 신천동 32,V02Q1940714,127.106818240,37.513345412,3.8
732,송파구,서울특별시 송파구 방이동 96-1,V02Q1940713,127.114540561,37.516185359,4
733,송파구,서울특별시 송파구 잠실동 205-17,V02Q1940941,127.084056858,37.509088133,4.1
734,송파구,서울특별시 송파구 잠실동 284,V02Q1940117,127.087141735,37.508537127,3.5
735,송파구,서울특별시 송파구 풍납동 455,V02Q1940811,127.116249051,37.527273120,4
736,송파구,서울특별시 송파구 석촌동 324-1,V02Q1940821,127.108694904,37.502832774,3.8
737,송파구,서울특별시 송파구 석촌동 184-4,V02Q1940819,127.104688643,37.507344263,3.9
738,송파구,서울특별시 송파구 신천동 32,V02Q1940820,127.102261793,37.511054225,3.8
739,송파구,서울특별시 송파구 잠실동 1168-9,V02Q1940838,127.068059148,37.518415373,6.5
740,송파구,서울특별시 송파구 삼전동 62,V02Q1940887,127.092524240,37.502749128,0.6
741,종로구,서울특별시 종로구 가회동 210,V02Q1940655,126.985146172,37.580050842,3.7
742,종로구,서울특별시 종로구 이화동 82-4,V02Q1940539,127.004513660,37.576920428,3.7
743,종로구,서울특별시 종로구 평창동 235-1,V02Q1940737,126.967444876,37.605426219,3.7
744,종로구,서울특별시 종로구 혜화동 108-1,V02Q1940721,127.000848323,37.586080682,3.7
745,종로구,서울특별시 종로구 창신동 23-313,V02Q1940522,127.012366545,37.577074810,3.7
746,종로구,서울특별시 종로구 내자동 169,V02Q1940499,126.970272261,37.574960033,3.7
747,종로구,서울특별시 종로구 행촌동 180-10,V02Q1940695,126.961981834,37.571916554,3.3
748,종로구,서울특별시 종로구 무악동 60-2,V02Q1940716,126.958181622,37.575952972,1
749,종로구,서울특별시 종로구 사직동 1-28,V02Q1940649,126.968862248,37.576168260,2.7
750,종로구,서울특별시 종로구 삼청동 105-1,V02Q1940232,126.981875888,37.585032927,1
751,종로구,서울특별시 종로구 숭인동 55-2,V02Q1940710,127.015628840,37.577843118,3.3
752,종로구,서울특별시 종로구 숭인동 178-167,V02Q1940796,127.019982768,37.574848152,1
753,종로구,서울특별시 종로구 익선동 99,V02Q1940719,126.990243912,37.574464343,2.5
754,종로구,서울특별시 종로구 효제동 173-2,V02Q1940841,127.005041449,37.572037343,3.5
755,종로구,서울특별시 종로구 창신동 401-3,V02Q1940818,127.016374099,37.570741306,3.8
756,종로구,서울특별시 종로구 창신동 583-3,V02Q1940720,127.010888926,37.574432258,3.1
757,종로구,서울특별시 종로구 궁정동 12-1,V02Q1940837,126.970563131,37.584140840,1
758,종로구,서울특별시 종로구 부암동 265-21,V02Q1940859,126.964090572,37.592431514,1.2
759,종로구,서울특별시 종로구 삼청동 산 2-2,V02Q1940857,126.983856948,37.588018361,3.2
760,종로구,서울특별시 종로구 동숭동 1-124,V02Q1940881,127.003068403,37.580272067,3.2
761,종로구,서울특별시 종로구 재동 54-1,V02Q1940843,126.985912640,37.578936514,1.3
762,종로구,서울특별시 종로구 무악동 69-3,V02Q1940822,126.957780596,37.575423844,4.3
763,종로구,서울특별시 종로구 부암동 141-1,V02Q1940797,126.963432166,37.597376662,3.3
764,종로구,서울특별시 종로구 사직동 262-197,V02Q1940883,126.965536299,37.576461959,1.2
765,종로구,서울특별시 종로구 삼청동 35-112,V02Q1940886,126.982104196,37.582438821,3.2
766,종로구,서울특별시 종로구 숭인동 211-16,V02Q1940807,127.020059004,37.573115622,3
767,종로구,서울특별시 종로구 이화동 9-264,V02Q1940848,127.006748049,37.577698183,1
768,종로구,서울특별시 종로구 동숭동 129-77,V02Q1940687,127.005734130,37.581173137,1
769,종로구,서울특별시 종로구 동숭동 6-31,V02Q1940827,127.005814953,37.583250447,2.1
770,종로구,서울특별시 종로구 돈의동 162,V02Q1940839,126.990608589,37.571218817,3.1
771,종로구,서울특별시 종로구 충신동 189-2,V02Q1940718,127.004658247,37.573899271,3
772,종로구,서울특별시 종로구 창신동 197-17,V02Q1940810,127.013204061,37.573677936,3.6
773,종로구,서울특별시 종로구 창신동 619-2,V02Q1940875,127.009067983,37.578529489,1
774,종로구,서울특별시 종로구 창신동 산 6-25,V02Q1940844,127.014486370,37.578940321,2.7
775,종로구,서울특별시 종로구 평창동 232,V02Q1940802,126.966737815,37.605283318,2.5
776,종로구,서울특별시 종로구 구기동 110-30,V02Q1940877,126.956372518,37.607870193,2.6
777,종로구,서울특별시 종로구 명륜3가 53-2,V02Q1940817,126.996923175,37.584479904,3.7
778,종로구,서울특별시 종로구 명륜4가 206-8,V02Q1940840,126.998152524,37.581880250,3.7
779,종로구,서울특별시 종로구 신문로2가 6-3,V02Q1940808,126.968764924,37.568745241,4
780,양천구,서울특별시 양천구 목동 565,V02Q1940865,126.872103025,37.546451416,3.9
781,양천구,서울특별시 양천구 목동 621-19,V02Q1940867,126.864660671,37.545028041,3.7
782,양천구,서울특별시 양천구 목동 868,V02Q1940095,126.868390948,37.532916258,3.8
783,양천구,서울특별시 양천구 신월동 852,V02Q1940869,126.837774004,37.525350406,4
784,양천구,서울특별시 양천구 신정동 1142,V02Q1940814,126.854668099,37.519384614,3.7
785,양천구,서울특별시 양천구 신정동 294-18,V02Q1940863,126.871089390,37.518876054,3.1
786,양천구,서울특별시 양천구 신정동 653-6,V02Q1940804,126.853951667,37.515854169,3.8
787,양천구,서울특별시 양천구 신정동 957-16,V02Q1940312,126.858435267,37.522821250,3.2
788,양천구,서울특별시 양천구 신정동 323-1,V02Q1940364,126.862864530,37.516646199,3.4
789,양천구,서울특별시 양천구 신월동 136-8,V02Q1940240,126.831721727,37.532060638,4.1
790,양천구,서울특별시 양천구 신월동 883,V02Q1940413,126.844448699,37.524655300,3.5
791,양천구,서울특별시 양천구 목동 904,V02Q1940453,126.871446408,37.532634788,4.2
792,양천구,서울특별시 양천구 신월동 628,V02Q1940472,126.841425739,37.514505075,3.9
793,양천구,서울특별시 양천구 신월동 976-1,V02Q1940750,126.835908342,37.521971144,4.2
794,양천구,서울특별시 양천구 목동 916-2,V02Q1940864,126.875374358,37.525767618,3.4
795,양천구,서울특별시 양천구 신정동 842-1,V02Q1940861,126.866846473,37.509089509,4.2
796,양천구,서울특별시 양천구 신월동 43-4,V02Q1940071,126.824270656,37.536238786,3.2
797,양천구,서울특별시 양천구 신월동 275,V02Q1940395,126.829309039,37.538910703,4.1
798,양천구,서울특별시 양천구 신정동 325-6,V02Q1940424,126.858987432,37.510198596,3.7
799,양천구,서울특별시 양천구 신정동 137-2,V02Q1940826,126.878024994,37.520384235,2.8
800,양천구,서울특별시 양천구 목동 900-9,V02Q1940654,126.883621196,37.543046428,3.5
801,양천구,서울특별시 양천구 신월동 823,V02Q1940732,126.836961771,37.526655055,3.7
802,양천구,서울특별시 양천구 목동 131-30,V02Q1940809,126.881352303,37.543642972,3.7
803,양천구,서울특별시 양천구 신정동 1062,V02Q1940492,126.860106756,37.528186579,3.5
804,양천구,서울특별시 양천구 신월동 796,V02Q1940946,126.834790407,37.534443996,3.9
805,양천구,서울특별시 양천구 신월동 805,V02Q1940942,126.833076323,37.532462634,5.2
806,양천구,서울특별시 양천구 신월동 802,V02Q1940951,126.836128493,37.531246089,4
807,양천구,서울특별시 양천구 목동 616-15,V02Q1940943,126.864648122,37.548507166,4.3
808,양천구,서울특별시 양천구 목동 929,V02Q1940455,126.881433047,37.542775849,4.3
809,양천구,서울특별시 양천구 목동 901-8,V02Q1940480,126.881687533,37.539717109,4.1
810,양천구,서울특별시 양천구 신정동 89-82,V02Q1940443,126.873804303,37.520684165,4.2
811,양천구,서울특별시 양천구 목동 823,V02Q1940762,126.864421104,37.540245113,4.1
812,양천구,서울특별시 양천구 목동 655-4,V02Q1940766,126.863101671,37.545652837,3.5
813,양천구,서울특별시 양천구 목동 724-1,V02Q1940792,126.864529956,37.538422726,3.3
814,양천구,서울특별시 양천구 목동 843,V02Q1940614,126.871767426,37.537542078,3.9
815,양천구,서울특별시 양천구 목동 813,V02Q1940259,126.863792786,37.533927796,3.9
816,양천구,서울특별시 양천구 목동 907-21,V02Q1940741,126.878573682,37.535750610,3.3
817,양천구,서울특별시 양천구 목동 909-9,V02Q1940759,126.883017390,37.536645964,3.1
818,양천구,서울특별시 양천구 목동 902,V02Q1940776,126.875026391,37.539684296,3.2
819,양천구,서울특별시 양천구 목동 912,V02Q1940771,126.883508056,37.535134263,3.4
820,양천구,서울특별시 양천구 목동 879,V02Q1940489,126.864592055,37.530770624,3.9
821,양천구,서울특별시 양천구 목동 901,V02Q1940774,126.878243997,37.538516483,4.2
822,양천구,서울특별시 양천구 신월동 92-17,V02Q1940849,126.832836517,37.535559655,3.4
823,양천구,서울특별시 양천구 신월동 1047,V02Q1940749,126.842256550,37.525240254,4
824,양천구,서울특별시 양천구 신월동 505-21,V02Q1940705,126.848612985,37.523071689,4.3
825,양천구,서울특별시 양천구 신월동 867,V02Q1940740,126.848060521,37.527061611,3.8
826,양천구,서울특별시 양천구 신월동 197-35,V02Q1940287,126.830075249,37.531393326,3.6
827,양천구,서울특별시 양천구 신월동 642,V02Q1940754,126.842681235,37.521659762,3.1
828,양천구,서울특별시 양천구 신월동 1029,V02Q1940760,126.846920703,37.517602426,3.6
829,양천구,서울특별시 양천구 신월동 910-2,V02Q1940447,126.831406421,37.524273473,3.6
830,양천구,서울특별시 양천구 신월동 977,V02Q1940464,126.835738999,37.520329739,3.4
831,양천구,서울특별시 양천구 신정동 729,V02Q1940469,126.843394665,37.510626715,3.9
832,양천구,서울특별시 양천구 신정동 1019-19,V02Q1940835,126.861140014,37.521157149,3.6
833,양천구,서울특별시 양천구 신정동 881-8,V02Q1940773,126.859175524,37.528560458,3
834,양천구,서울특별시 양천구 신정동 331-2,V02Q1940801,126.874001416,37.514021980,3.2
835,양천구,서울특별시 양천구 신정동 163-55,V02Q1940765,126.870535412,37.510731657,3.9
836,양천구,서울특별시 양천구 목동 946-1,V02Q1940876,126.869092177,37.543050815,3.6
837,양천구,서울특별시 양천구 신정동 874-4,V02Q1940769,126.855726795,37.527865321,3.9
838,양천구,서울특별시 양천구 신정동 324-10,V02Q1940707,126.860879933,37.515495269,3.8
839,양천구,서울특별시 양천구 목동 627-15,V02Q1940794,126.867770586,37.545732009,3.8
840,양천구,서울특별시 양천구 신정동 1284-1,V02Q1940715,126.837651948,37.512593393,3.3
841,양천구,서울특별시 양천구 목동 404-21,V02Q1940778,126.875548119,37.522590739,3.3
842,양천구,서울특별시 양천구 신정동 1319-1,V02Q1940729,126.832083525,37.513062284,4.3
843,양천구,서울특별시 양천구 신월동 52-9,V02Q1940659,126.827879104,37.537748852,3.6
844,양천구,서울특별시 양천구 목동 458-4,V02Q1940803,126.872293646,37.523037681,4.2
845,양천구,서울특별시 양천구 신월동 842,V02Q1940795,126.837258847,37.524096897,3.8
846,양천구,서울특별시 양천구 신정동 1208-1,V02Q1940874,126.850006232,37.519336516,4.2
847,양천구,서울특별시 양천구 신정동 1280-1,V02Q1940805,126.834924842,37.513247320,4.3
848,양천구,서울특별시 양천구 신정동 1099,V02Q1940481,126.854653095,37.524082811,3.5
849,양천구,서울특별시 양천구 목동 956,V02Q1940806,126.866797402,37.548031985,3.8
850,양천구,서울특별시 양천구 신정동 949-5,V02Q1940855,126.855789231,37.524553208,3.4
1,강남구,서울특별시 강남구 역삼동 814-6,OC3CL200020,127.0263768,37.50127401,3.3 
2,강남구,서울특별시 강남구 신사동 581-6,OC3CL200021,127.0282295,37.52553243,4.5 
3,강남구,서울특별시 강남구 대치동 889-45,OC3CL200022,127.0498755,37.50309199,3.7 
4,강남구,서울특별시 강남구 대치동 890-57,OC3CL200023,127.0515922,37.50359652,3.7 
5,강남구,서울특별시 강남구 신사동 532-12,OC3CL200015,127.0224148,37.52338411,3.4 
6,강남구,서울특별시 강남구 신사동 541-17,OC3CL200024,127.0234226,37.51839242,3.4 
7,강남구,서울특별시 강남구 개포동 1268,OC3CL200175,127.050789,37.47950461,4.0 
8,강남구,서울특별시 강남구 논현동 2,OC3CL200155,127.0208385,37.51637194,2.5 
9,강남구,서울특별시 강남구 논현동 66,OC3CL200156,127.0286532,37.51889789,4.1 
10,강남구,서울특별시 강남구 논현동 130-9,OC3CL200170,127.0312446,37.51256716,5.0 
11,강남구,서울특별시 강남구 수서동362-9,OC3CL200157,127.0945893,37.49238125,4.1 
12,강남구,서울특별시 강남구  세곡동 120-7,OC3CL200176,127.1069185,37.46507552,3.8 
13,강남구,서울특별시 강남구 신사동 657-37,OC3CL200016,127.0391258,37.52588867,3.8 
14,강남구,서울특별시  강남구 대치동 78-28,OC3CL200135,127.0708615,37.50182482,3.8 
15,강남구,서울특별시  강남구 일원동 246-13,OC3CL200140,127.0797096,37.47948708,4.1 
16,강남구,서울특별시 강남구 수서동 720,OC3CL200141,127.1067158,37.4886613,4.8 
17,강동구,서울특별시 강동구 둔촌동 517-4,OC3CL200090,127.1373889,37.52871449,4.6 
18,강동구,서울특별시 강동구 상일동 283-6,OC3CL200091,127.170907,37.54855912,4.8 
19,강동구,서울특별시 강동구 암사동 265-7,OC3CL200092,127.1356067,37.55888187,4.4 
20,강동구,서울특별시 강동구 천호동 528-1,OC3CL200093,127.134581,37.53821966,4.3 
21,강동구,서울특별시 강동구 강일동 348-1,OC3CL200094,127.1787659,37.56913389,4.6 
22,강동구,서울특별시 강동구 고덕동 317-1,OC3CL200080,127.1448705,37.5566477,4.3 
23,강동구,서울특별시 강동구 길동 141-5,OC3CL200095,127.1464696,37.53662302,4.1 
24,강동구,서울특별시 강동구 길동 338-9,OC3CL200097,127.1437411,37.5423736,4.7 
25,강동구,서울특별시 강동구 상일동 166,OC3CL200098,127.1579314,37.54961964,4.8 
26,강동구,서울특별시 강동구 성내동 519-12,OC3CL200099,127.1284073,37.53062449,4.4 
27,강동구,서울특별시 강동구 천호동 1-2,OC3CL200101,127.1395816,37.55048669,4.8 
28,강동구,서울특별시 강동구 천호동 290-39,OC3CL200102,127.1312276,37.54742334,4.6 
29,강동구,서울특별시 강동구 길동 157-10,OC3CL200103,127.1482071,37.54049414,4.6 
30,강동구,서울특별시 강동구 상일동 325-1,OC3CL200105,127.1726824,37.54771228,4.4 
31,강동구,서울특별시 강동구 성내동 500,OC3CL200106,127.1323931,37.53312245,4.4 
32,강동구,서울특별시 강동구 천호동 233-48,OC3CL200107,127.1368244,37.54825641,4.3 
33,강동구,서울특별시 강동구 천호동 361,OC3CL200081,127.1275513,37.54514714,4.7 
34,강동구,서울특별시 강동구 고덕동 289-4,OC3CL200108,127.157431,37.56062598,4.4 
35,강동구,서울특별시 강동구 둔촌동 산 28-1,OC3CL200060,127.1455199,37.52221023,4.1 
36,강동구,서울특별시 강동구 둔촌동 599,OC3CL200083,127.1496707,37.53182933,4.0 
37,강동구,서울특별시 강동구 상일동 507,OC3CL200117,127.1775763,37.55087372,4.4 
38,강동구,서울특별시 강동구 암사동 458,OC3CL200110,127.1328591,37.55465728,4.5 
39,강동구,서울특별시 강동구 천호동 326-18,OC3CL200084,127.12371,37.54588985,4.4 
40,강동구,서울특별시 강동구 천호동 316-4,OC3CL200114,127.1261418,37.54799097,4.7 
41,강동구,서울특별시 강동구 천호동 463-38,OC3CL200062,127.1215875,37.5419464,4.3 
42,강동구,서울특별시 강동구 성내동 448-8,OC3CL200017,127.1286688,37.52411075,4.5 
43,강동구,서울특별시 강동구 암사동 139-2,OC3CL200072,127.1312918,37.55967518,4.3 
44,강동구,서울특별시 강동구 천호동 42,OC3CL200074,127.1430179,37.54626753,4.8 
45,강동구,서울특별시 강동구 성내동 459-6,OC3CL200070,127.121662,37.5272027,4.4 
46,강동구,서울특별시 강동구 성내동 19-1,OC3CL200205,127.1287361,37.53677728,3.9 
47,강동구,서울특별시 강동구 양재대로 1716,OC3CL200171,127.1443342,37.55869892,3.9 
48,강동구,서울특별시 강동구 강일동 601-1,OC3CL200131,127.1723485,37.56320788,4.5 
49,강동구,서울특별시 강동구 성내동 449-15,OC3CL200123,127.133721,37.52195425,4.5 
50,강동구,서울특별시 강동구 고덕동 197-4,OC3CL200071,127.1708168,37.55941343,4.2 
51,강동구,서울특별시  강동구 둔촌동 180-2 ,OC3CL200158,127.1393182,37.51939359,4.3 
52,강북구,서울특별시 강북구 번동 417-58,OC3CL200134,127.0291526,37.63736615,3.4 
53,강북구,서울특별시 강북구 미아동 754-63,OC3CL200066,127.0218915,37.62300566,4.4 
54,강북구,서울특별시 강북구 미아동 61-17,OC3CL200133,127.028974,37.6146516,3.5 
55,강북구,서울특별시 강북구 수유동 535-228,OC3CL200132,127.0039409,37.64400709,4.4 
56,강북구,서울특별시 강북구 미아동 791-1549,OC3CL200130,127.0138596,37.62523296,3.9 
57,강북구,서울특별시 강북구 번동 248,OC3CL200129,127.0460579,37.62331968,3.1 
58,강북구,서울특별시 강북구 수유동 719-2,OC3CL200136,127.0246187,37.6471793,2.4 
59,강북구,서울특별시 강북구 수유동 32-2,OC3CL200104,127.021637,37.64061679,3.3 
60,강북구,서울특별시  강북구 번동 95-7,OC3CL200100,127.0437864,37.61999399,2.3 
61,강서구,서울특별시 강서구 개화동 246-16,OC3CL200177,126.802494,37.58870084,3.3 
62,강서구,서울특별시 강서구 개화동 418-194,OC3CL200082,126.7999832,37.58013454,3.7 
63,강서구,서울특별시 강서구 마곡동 731-199,OC3CL200178,126.8189344,37.56759287,4.2 
64,강서구,서울특별시 강서구 마곡동 749-4,OC3CL200179,126.8225904,37.55712905,3.9 
65,강서구,서울특별시 강서구 마곡동 770-7,OC3CL200180,126.833869,37.56421468,4.0 
66,강서구,서울특별시 강서구 가양2동 1481,OC3CL200181,126.8534306,37.56474481,3.4 
67,강서구,서울특별시 강서구 염창동 240-52,OC3CL200182,126.8659034,37.55734709,3.5 
68,강서구,서울특별시 강서구 염창동 53-1,OC3CL200183,126.8711211,37.55351048,3.5 
69,강서구,서울특별시 강서구 등촌동 366-70,OC3CL200067,126.8606334,37.54803257,3.6 
70,강서구,서울특별시 강서구 등촌동 522-1,OC3CL200184,126.8613494,37.54736269,3.5 
71,강서구,서울특별시 강서구 마곡동 728-356,OC3CL200087,126.8266133,37.55546881,4.1 
72,강서구,서울특별시 강서구 염창동 263(105동),OC3CL200185,126.8740316,37.54866094,3.4 
73,강서구,서울특별시 강서구 방화동 830-9,OC3CL200045,126.8133372,37.57782669,2.8 
74,강서구,서울특별시 강서구 마곡동 727-709,OC3CL200025,126.8258759,37.56003441,3.8 
75,강서구,서울특별시 강서구 마곡동 367-11,OC3CL200026,126.8261217,37.56668094,3.9 
76,강서구,서울특별시 강서구 마곡동 727-1214,OC3CL200027,126.8360833,37.55904218,3.9 
77,강서구,서울특별시 강서구 등촌3동 78-7,OC3CL200046,126.8547068,37.56053576,3.6 
78,강서구,서울특별시 강서구 마곡동 9,OC3CL200186,126.8371703,37.57245123,3.5 
79,강서구,서울특별시 강서구 화곡동 340-54,OC3CL200172,126.8463106,37.53273493,3.7 
80,강서구,서울특별시 강서구 방화동 278-31,OC3CL200187,126.8164742,37.57318498,5.9
81,강서구,서울특별시 강서구 방화동 247-194,OC3CL200188,126.816375,37.56735274,5.9
82,관악구,서울특별시 관악구 신림동 1627-11,OC3CL200189,126.9265235,37.47906596,3.7 
83,관악구,서울특별시 관악구 조원동 537-33,OC3CL200173,126.9141546,37.48248677,3.1 
84,관악구,서울특별시 관악구 봉천동 1603-4,OC3CL200028,126.9537097,37.47915422,3.3 
85,광진구,서울특별시 광진구 화양동 34-75,OC3CL200012,127.0697313,37.54400194,4.0 
86,광진구,서울특별시 광진구 구의동 246-8,OC3CL200029,127.0852125,37.53768025,4.5 
87,광진구,서울 광진구 광장동 328-2,OC3CL200190,127.106921,37.54768518,2.4 
88,광진구,서울특별시 광진구 중곡동 485-7,OC3CL200142,127.0771395,37.56718217,4.1 
89,광진구,서울특별시 광진구 중곡동 72-59,OC3CL200143,127.0960647,37.56233608,2.9 
90,구로구,서울특별시 구로구 수궁동 온수동67-15,OC3CL200191,126.8182427,37.49402783,3.3 
91,구로구,서울특별시 구로구 오류동 산42-40,OC3CL200159,126.830672,37.48581097,3.5 
92,구로구,서울특별시 구로구 천왕동 278-2,OC3CL200192,126.8414001,37.48329114,3.6 
93,구로구,서울특별시 구로구 구로동 810-2,OC3CL200193,126.9014312,37.48482285,3.6 
94,금천구,서울특별시 금천구 가산동 239-26,OC3CL200057,126.8874063,37.47468281,4.5 
95,노원구,서울특별시 노원구 중계동 425-8,OC3CL200206,127.0737034,37.65341035,3.9 
96,노원구,서울특별시  노원구 상계동 730,OC3CL200160,127.0606327,37.65334887,4.1 
97,노원구,서울특별시 노원구 상계동 1171-2,OC3CL200213,127.0552843,37.68427838,2.9 
98,노원구,서울특별시  노원구 월계동 472-49,OC3CL200144,127.059657,37.61649398,2.9 
99,도봉구,서울특별시 도봉구 도봉동 599-41,OC3CL200128,127.0426672,37.67501401,3.5 
100,도봉구,서울특별시 도봉구 방학동 722-2,OC3CL200125,127.0486212,37.66369367,3.0 
101,도봉구,서울특별시 도봉구 쌍문동 81-100,OC3CL200124,127.0335584,37.65373165,3.5 
102,도봉구,서울특별시 도봉구 방학동 264-44,OC3CL200063,127.0363947,37.66113377,3.2 
103,도봉구,서울특별시 도봉구 쌍문동 220,OC3CL200088,127.0335996,37.66028451,3.5 
104,도봉구,서울특별시 도봉구 쌍문동 720-1,OC3CL200122,127.0284523,37.65714093,3.2 
105,도봉구,서울특별시 도봉구 쌍문동 산 240-5 ,OC3CL200089,127.0270449,37.65204049,3.6 
106,도봉구,서울특별시 도봉구 창동442-2,OC3CL200121,127.0410278,37.64292463,3.4 
107,도봉구,서울특별시 도봉구 창동 743-2,OC3CL200137,127.0507561,37.66079952,3.6 
108,도봉구,서울특별시 도봉구 창동 57-11,OC3CL200030,127.05039,37.64583144,3.5 
109,도봉구,서울특별시 도봉구 창동 134-22,OC3CL200048,127.0462197,37.6535602,3.2 
110,도봉구,서울특별시 도봉구 창동 788-1,OC3CL200049,127.052532,37.64258575,4.4 
111,도봉구,서울특별시 도봉구 방학동 724-16,OC3CL200050,127.0477197,37.66184473,3.3 
112,도봉구,서울특별시 도봉구 쌍문동 88-144,OC3CL200051,127.0348639,37.64934955,3.0 
113,도봉구,서울특별시  도봉구 도봉동 299,OC3CL200161,127.0454035,37.68886228,3.4 
114,도봉구,서울특별시 도봉구 방학동 726-74,OC3CL200052,127.0464686,37.66621365,3.4 
115,도봉구,서울특별시 도봉구 창동 181-52,OC3CL200053,127.0463949,37.65690709,3.6 
116,도봉구,서울특별시  도봉구 창동 516-4,OC3CL200145,127.0393869,37.63330095,3.2 
117,동대문구,서울특별시 동대문구 이문동 353,OC3CL200195,127.0708027,37.60487617,3.8 
118,동대문구,서울특별시 동대문구 청량리동 203-167,OC3CL200196,127.0425772,37.58753193,3.7 
119,동대문구,서울특별시 동대문구 청량리동 283,OC3CL200197,127.0450743,37.5810902,3.8 
120,동작구,서울특별시 동작구 신대방동 602-10,OC3CL200120,126.9097343,37.49011052,3.8 
121,동작구,서울특별시 동작구 상도동 299-156,OC3CL200119,126.9327849,37.49460854,3.7 
122,동작구,서울특별시 동작구 사당동 419-24,OC3CL200118,126.9756084,37.47885234,3.5 
123,동작구,서울특별시 동작구 상도동 279-328,OC3CL200116,126.9385648,37.49622929,3.6 
124,동작구,서울특별시 동작구 흑석동 211-32,OC3CL200068,126.9551335,37.50619475,4.3 
125,동작구,서울특별시 동작구 상도동 207-5,OC3CL200073,126.9440571,37.49928608,3.8 
126,마포구,서울특별시 마포구 망원동 403-5,OC3CL200096,126.9053084,37.55500134,4.0 
127,서대문구,서울특별시 서대문구 홍제동 44-633,OC3CL200146,126.9503206,37.57847645,3.4 
128,서대문구,서울특별시  서대문구 홍제동 287-261,OC3CL200138,126.9500063,37.59771864,3.9 
129,서대문구,서울특별시  서대문구 홍제동 266-271,OC3CL200147,126.9451617,37.59224961,3.1 
130,서대문구,서울특별시  서대문구 홍은동 275-36,OC3CL200148,126.9341688,37.57949301,3.8 
131,서대문구,서울특별시  서대문구 홍제동 286-27,OC3CL200031,126.9490369,37.59822113,3.0 
132,서대문구,서울특별시  서대문구 북가좌동 352-1,OC3CL200149,126.910461,37.58357273,3.3 
133,서대문구,서울특별시  서대문구 북가좌동 408-1,OC3CL200150,126.9036178,37.5771163,3.6 
134,서대문구,서울특별시 서대문구 홍제동 294-46,OC3CL200228,126.9430063,37.59116011,3.5 
135,서대문구,서울특별시 서대문구 홍제동 40-63,OC3CL200214,126.9536823,37.58068232,2.3 
136,서대문구,서울특별시 서대문구 홍제동 294-84,OC3CL200215,126.9409275,37.59082129,3.2 
137,서대문구,서울특별시 서대문구 홍은동 산26-155,OC3CL200086,126.9321883,37.58116901,4.0 
138,서대문구,서울특별시 서대문구 현저동 101,OC3CL200229,126.9555847,37.57294405,2.5 
139,서울대공원,서울대공원,OC3CL200061,127.0196764,37.4248203,1.5 
140,서울대공원,신규답사,OC3CL200010,127.0160739,37.42877164,3.5 
141,서울대공원,서울대공원,OC3CL200065,127.0113356,37.43436316,1.4 
142,서울대공원,신규답사,OC3CL200011,127.0242658,37.42201307,4.0 
143,서초구,서울특별시 서초구 반포1동 30-8 ,OC3CL200085,127.0154344,37.50205663,2.8 
144,서초구,서울특별시 서초구 서초4동 1318-9,OC3CL200078,127.0268137,37.49793848,4.1 
145,서초구,서울특별시 서초구 반포3동 75-21,OC3CL200077,127.0042288,37.50623299,4.0 
146,서초구,서울특별시 서초구 방배4동 3001-2,OC3CL200079,126.9833962,37.48573247,3.7 
147,서초구,서울특별시 서초구 서초3동 1579-9,OC3CL200076,127.0139087,37.48827084,4.0 
148,서초구,서울특별시 서초구 서초4동 1306-1,OC3CL200075,127.0260189,37.50061909,3.7 
149,서초구,서울특별시 서초구 양재동 14-6,OC3CL200054,127.0373399,37.48244974,3.4 
150,서초구,서울특별시 서초구 방배동 1027-6,OC3CL200162,127.0004762,37.47467186,3.6 
151,서초구,서울특별시 서초구 반포동 128-11,OC3CL200055,127.0008701,37.50089183,3.6 
152,서초구,서울특별시  서초구 방배2동 산190-2,OC3CL200056,126.9883535,37.46248315,3.8 
153,서초구,서울특별시 서초구 양재동 221-9,OC3CL200163,127.035673,37.46072485,3.6 
154,성동구,서울특별시 성동구 용답동 236-4,OC3CL200164,127.0697265,37.56058905,4.5 
158,성동구,서울특별시  성동구 성수동1가 685-700,OC3CL200032,127.0435571,37.54529625,3.7 
159,성동구,서울특별시 성동구 성수동1가 685-285,OC3CL200018,127.0416428,37.54688198,3.6 
160,성북구,서울특별시 성북구 하월곡동 29-133,OC3CL200198,127.0398362,37.60363281,3.5 
161,성북구,서울특별시 성북구 종암동 10-236,OC3CL200199,127.036678,37.59544076,3.1 
162,성북구,서울특별시 성북구 정릉동 716-39,OC3CL200200,127.0049249,37.61101097,3.5 
163,송파구,서울특별시 송파구 신천동 32,OC3CL200033,127.1043154,37.51214275,3.8 
164,송파구,서울특별시 송파구 가락동 128-8,OC3CL200207,127.1241947,37.49495788,4.1 
165,송파구,서울특별시  송파구 장지동 861,OC3CL200208,127.1353152,37.47981602,4.3 
166,송파구,서울특별시 송파구 문정동 73-10,OC3CL200165,127.1256449,37.4803649,3.8 
167,양천구,서울특별시 양천구 목동 554,OC3CL200064,126.8704137,37.54440989,2.4 
168,양천구,서울특별시 양천구 목동 543-15,OC3CL200115,126.8738447,37.5436034,4.2 
169,양천구,서울특별시 양천구 신정동 1277,OC3CL200113,126.8520614,37.51133256,4.7 
170,양천구,서울특별시 양천구 신정동 190-5,OC3CL200112,126.8642202,37.50589814,3.4 
171,양천구,서울특별시 양천구 신월동 957-13,OC3CL200111,126.8316555,37.52014221,4.0 
172,양천구,서울특별시 양천구 신월동 9-2,OC3CL200109,126.8290816,37.5421903,3.8 
173,양천구,서울특별시 양천구 신정동 994-1,OC3CL200034,126.8635581,37.52591806,4.0 
174,양천구,서울특별시 양천구 신정동 328-5,OC3CL200166,126.867697,37.5132245,4.4 
175,양천구,서울특별시 양천구 목동 911-4,OC3CL200058,126.8857541,37.53245995,4.3 
176,양천구,서울특별시 양천구 신월동 42-1,OC3CL200059,126.8240324,37.53911722,4.3 
177,양천구,서울특별시 양천구 신정동 330-8,OC3CL200139,126.8767166,37.51418744,3.5 
178,양천구,서울특별시 양천구 신정동 산 102,OC3CL200151,126.8546924,37.50999269,4.5 
179,영등포구,서울특별시 영등포구 양평동1가 165,OC3CL200167,126.8888651,37.52259054,3.6 
180,영등포구,서울특별시 영등포구 대림동 990-1,OC3CL200174,126.906033,37.48897429,3.5 
181,용산구,서울특별시  용산구 이태원동 239-4,OC3CL200019,126.9937934,37.54026442,3.2 
182,은평구,서울특별시 은평구 불광동 195,OC3CL200069,126.9302785,37.62220907,3.4 
183,은평구,서울특별시 은평구 갈현동 465-3,OC3CL200035,126.917502,37.6113036,3.4 
184,은평구,서울특별시 은평구 녹번동 153-46 ,OC3CL200036,126.9235772,37.60514575,2.4 
185,은평구,서울특별시 은평구 진관동 108-9,OC3CL200209,126.9152589,37.63440727,3.8 
186,은평구,서울특별시 은평구 응암동 87-7,OC3CL200168,126.922413,37.60039676,4.2 
187,은평구,서울특별시 은평구 구산동 202-1,OC3CL200204,126.9101602,37.61414691,4.3 
188,은평구,서울특별시 은평구 응암동 122-32,OC3CL200152,126.9156191,37.59563579,3.3 
189,종로구,서울특별시 종로구 서린동 151-4,OC3CL200210,126.9784821,37.56938249,5.4
190,종로구,서울특별시 종로구 서린동 42-8 ,OC3CL200211,126.9821286,37.56921374,5
191,종로구,서울특별시 종로구 신문로1가 135-2,OC3CL200194,126.9755166,37.56997647,3.8 
192,종로구,서울특별시 종로구 종로5가 231-1,OC3CL200201,127.0048453,37.57086928,4.2 
193,종로구,서울특별시 종로구 창신동 357,OC3CL200219,127.0135165,37.5722213,3.2 
194,종로구,서울특별시  종로구 연건동 128-9,OC3CL200220,127.0024889,37.57698177,5.0 
195,종로구,서울특별시 종로구 가회동 60,OC3CL200037,126.9846468,37.58142997,4.0 
196,종로구,서울특별시 종로구 가회동 33-13,OC3CL200038,126.983559,37.58233107,3.3 
197,종로구,서울특별시 종로구 삼청동 35-63,OC3CL200013,126.9826224,37.58346942,3.0 
198,종로구,서울특별시 종로구 동숭동 50-135,OC3CL200039,127.0071882,37.57878614,2.4 
199,종로구,서울특별시 종로구 이화동 9-498,OC3CL200040,127.0080332,37.5777396,3.0 
200,종로구,서울특별시 종로구 평창동 산6-17,OC3CL200154,126.98117,37.60180763,3.3 
201,종로구,서울특별시  종로구 신영동 130-8,OC3CL200153,126.9614109,37.60164926,4.0 
202,중구,서울특별시  중구 남대문로4가 29 ,OC3CL200126,126.9748398,37.55967397,6.0 
203,중구,서울특별시  중구 남대문로5가 1-5 ,OC3CL200127,126.975354,37.56027699,6.0 
204,중구,서울특별시 중구 명동1가 53-1,OC3CL200014,126.9845038,37.56357368,3.3 
205,중구,서울특별시 중구 충무로2가 65-3,OC3CL200047,126.985559,37.56160433,4.5 
206,중구,서울특별시 중구 남대문로2가 123,OC3CL200041,126.9818665,37.56384606,4.5 
207,중구,서울특별시 중구 을지로6가 18-185,OC3CL200042,127.0086311,37.56786992,4.1 
208,중구,서울특별시 중구 신당동 204-9,OC3CL200043,127.0126695,37.56772879,4.1 
209,중구,서울특별시  중구 남창동 31-1,OC3CL200044,126.978669,37.56040912,3.4 
210,중구,서울특별시 중구 태평로1가 54-3 ,OC3CL200212,126.9773997,37.56604753,5.5
211,중랑구,서울특별시 중랑구 중화동 209,OC3CL200202,127.0741118,37.59427032,3.8 
212,중랑구,서울특별시  중랑구 망우동 산52,OC3CL200203,127.1119185,37.60016479,3.3 
213,중랑구,서울특별시 중랑구 신내동 256-24,OC3CL200169,127.1061538,37.62027046,3.9 
