<PAMDataset>
  <Metadata domain="Esri">
    <MDI key="PyramidResamplingType">NEAREST</MDI>
  </Metadata>
  <PAMRasterBand band="1">
    <Histograms>
      <HistItem>
        <HistMin>0.6666666666666667</HistMin>
        <HistMax>3.333333333333333</HistMax>
        <BucketCount>3</BucketCount>
        <IncludeOutOfRange>0</IncludeOutOfRange>
        <Approximate>0</Approximate>
        <HistCounts>1185044|326731|191874</HistCounts>
      </HistItem>
    </Histograms>
    <Metadata>
      <MDI key="STATISTICS_MAXIMUM">3</MDI>
      <MDI key="STATISTICS_MEAN">1.417033673016</MDI>
      <MDI key="STATISTICS_MINIMUM">1</MDI>
      <MDI key="STATISTICS_STDDEV">0.68437359124593</MDI>
      <MDI key="STATISTICS_VALID_PERCENT">61.85</MDI>
    </Metadata>
  </PAMRasterBand>
</PAMDataset>
