<PAMDataset>
  <Metadata domain="Esri">
    <MDI key="PyramidResamplingType">NEAREST</MDI>
  </Metadata>
  <PAMRasterBand band="1">
    <Histograms>
      <HistItem>
        <HistMin>0.5714285714285714</HistMin>
        <HistMax>7.428571428571429</HistMax>
        <BucketCount>7</BucketCount>
        <IncludeOutOfRange>0</IncludeOutOfRange>
        <Approximate>0</Approximate>
        <HistCounts>488930|328574|1719549|88691|94|11190|88232</HistCounts>
      </HistItem>
    </Histograms>
    <Metadata>
      <MDI key="STATISTICS_MAXIMUM">7</MDI>
      <MDI key="STATISTICS_MEAN">2.6950540498888</MDI>
      <MDI key="STATISTICS_MINIMUM">1</MDI>
      <MDI key="STATISTICS_STDDEV">1.1544900765989</MDI>
      <MDI key="STATISTICS_VALID_PERCENT">98.88</MDI>
    </Metadata>
  </PAMRasterBand>
</PAMDataset>
